,rowid,kepid,kepoi_name,kepler_name,koi_disposition,koi_vet_stat,koi_vet_date,koi_pdisposition,koi_score,koi_fpflag_nt,koi_fpflag_ss,koi_fpflag_co,koi_fpflag_ec,koi_disp_prov,koi_comment,koi_period,koi_time0bk,koi_time0,koi_eccen,koi_longp,koi_impact,koi_duration,koi_ingress,koi_depth,koi_ror,koi_srho,koi_fittype,koi_prad,koi_sma,koi_incl,koi_teq,koi_insol,koi_dor,koi_limbdark_mod,koi_ldm_coeff4,koi_ldm_coeff3,koi_ldm_coeff2,koi_ldm_coeff1,koi_parm_prov,koi_max_sngle_ev,koi_max_mult_ev,koi_model_snr,koi_count,koi_num_transits,koi_tce_plnt_num,koi_tce_delivname,koi_quarters,koi_bin_oedp_sig,koi_trans_mod,koi_model_dof,koi_model_chisq,koi_datalink_dvr,koi_datalink_dvs,koi_steff,koi_slogg,koi_smet,koi_srad,koi_smass,koi_sage,koi_sparprov,ra,dec,koi_kepmag,koi_gmag,koi_rmag,koi_imag,koi_zmag,koi_jmag,koi_hmag,koi_kmag,koi_fwm_stat_sig,koi_fwm_sra,koi_fwm_sdec,koi_fwm_srao,koi_fwm_sdeco,koi_fwm_prao,koi_fwm_pdeco,koi_dicco_mra,koi_dicco_mdec,koi_dicco_msky,koi_dikco_mra,koi_dikco_mdec,koi_dikco_msky
0,1,10797460,K00752.01,Kepler-227 b,CONFIRMED,Done,2018-08-16,CANDIDATE,1.0,0,0,0,0,q1_q17_dr25_sup_koi,NO_COMMENT,9.48803557,170.53875,2455003.539,0.0,,0.146,2.9575,,615.8,0.022344,3.20796,LS+MCMC,2.26,0.0853,89.66,793.0,93.59,24.81,Claret (2011 A&A 529 75) ATLAS LS,0.0,0.0,0.2291,0.4603,q1_q17_dr25_koi,5.135849,28.47082,35.8,2,142.0,1.0,q1_q17_dr25_tce,11111111111111111000000000000000,0.6864,Mandel and Agol (2002 ApJ 580 171),,,010/010797/010797460/dv/kplr010797460-20160209194854_dvr.pdf,010/010797/010797460/dv/kplr010797460-001-20160209194854_dvs.pdf,5455.0,4.467,0.14,0.927,0.919,,q1_q17_dr25_stellar,291.93423,48.141651,15.347,15.89,15.27,15.114,15.006,14.082,13.751,13.648,0.002,19.462294,48.14191,0.43,0.94,-0.0002,-0.00055,-0.01,0.2,0.2,0.08,0.31,0.32
1,2,10797460,K00752.02,Kepler-227 c,CONFIRMED,Done,2018-08-16,CANDIDATE,0.969,0,0,0,0,q1_q17_dr25_sup_koi,NO_COMMENT,54.4183827,162.51384,2454995.514,0.0,,0.586,4.507,,874.8,0.027954,3.02368,LS+MCMC,2.83,0.2734,89.57,443.0,9.11,77.9,Claret (2011 A&A 529 75) ATLAS LS,0.0,0.0,0.2291,0.4603,q1_q17_dr25_koi,7.027669,20.109507,25.8,2,25.0,2.0,q1_q17_dr25_tce,11111111111111111000000000000000,0.0023,Mandel and Agol (2002 ApJ 580 171),,,010/010797/010797460/dv/kplr010797460-20160209194854_dvr.pdf,010/010797/010797460/dv/kplr010797460-002-20160209194854_dvs.pdf,5455.0,4.467,0.14,0.927,0.919,,q1_q17_dr25_stellar,291.93423,48.141651,15.347,15.89,15.27,15.114,15.006,14.082,13.751,13.648,0.003,19.462265,48.14199,-0.63,1.23,0.00066,-0.00105,0.39,0.0,0.39,0.49,0.12,0.5
2,3,10811496,K00753.01,,CANDIDATE,Done,2018-08-16,CANDIDATE,0.0,0,0,0,0,q1_q17_dr25_sup_koi,DEEP_V_SHAPED,19.89913995,175.850252,2455008.85,0.0,,0.969,1.7822,,10829.0,0.154046,7.29555,LS+MCMC,14.6,0.1419,88.96,638.0,39.3,53.5,Claret (2011 A&A 529 75) ATLAS LS,0.0,0.0,0.2711,0.3858,q1_q17_dr25_koi,37.159767,187.4491,76.3,1,56.0,1.0,q1_q17_dr25_tce,11111101110111011000000000000000,0.6624,Mandel and Agol (2002 ApJ 580 171),,,010/010811/010811496/dv/kplr010811496-20160209194854_dvr.pdf,010/010811/010811496/dv/kplr010811496-001-20160209194854_dvs.pdf,5853.0,4.544,-0.18,0.868,0.961,,q1_q17_dr25_stellar,297.00482,48.134129,15.436,15.943,15.39,15.22,15.166,14.254,13.9,13.826,0.278,19.8003207,48.13412,-0.021,-0.038,0.0007,0.0006,-0.025,-0.034,0.042,0.002,-0.027,0.027
4,5,10854555,K00755.01,Kepler-664 b,CONFIRMED,Done,2018-08-16,CANDIDATE,1.0,0,0,0,0,q1_q17_dr25_sup_koi,NO_COMMENT,2.525591777,171.59555,2455004.596,0.0,,0.701,1.6545,,603.3,0.024064,1.98635,LS+MCMC,2.75,0.0374,85.41,1406.0,926.16,8.75,Claret (2011 A&A 529 75) ATLAS LS,0.0,0.0,0.2844,0.3661,q1_q17_dr25_koi,4.749945,33.1919,40.9,1,515.0,1.0,q1_q17_dr25_tce,01111111111111111000000000000000,0.309,Mandel and Agol (2002 ApJ 580 171),,,010/010854/010854555/dv/kplr010854555-20160209194854_dvr.pdf,010/010854/010854555/dv/kplr010854555-001-20160209194854_dvs.pdf,6031.0,4.438,0.07,1.046,1.095,,q1_q17_dr25_stellar,288.75488,48.2262,15.509,16.015,15.468,15.292,15.241,14.366,14.064,13.952,0.733,19.2503258,48.22626,-0.01,0.23,8e-05,-7e-05,0.03,-0.09,0.1,0.07,0.02,0.07
5,6,10872983,K00756.01,Kepler-228 d,CONFIRMED,Done,2018-08-16,CANDIDATE,1.0,0,0,0,0,q1_q17_dr25_sup_koi,NO_COMMENT,11.09432054,171.20116,2455004.201,0.0,,0.538,4.5945,,1517.5,0.036779,0.67324,LS+MCMC,3.9,0.0992,88.11,835.0,114.81,16.36,Claret (2011 A&A 529 75) ATLAS LS,0.0,0.0,0.2889,0.3511,q1_q17_dr25_koi,9.046456,55.204865,66.5,3,95.0,1.0,q1_q17_dr25_tce,01111101110111011000000000000000,0.0975,Mandel and Agol (2002 ApJ 580 171),,,010/010872/010872983/dv/kplr010872983-20160209194854_dvr.pdf,010/010872/010872983/dv/kplr010872983-001-20160209194854_dvs.pdf,6046.0,4.486,-0.08,0.972,1.053,,q1_q17_dr25_stellar,296.28613,48.22467,15.714,16.234,15.677,15.492,15.441,14.528,14.113,14.132,,19.7524061,48.22471,-0.12,0.14,4e-05,,0.04,-0.07,0.08,-0.02,-0.08,0.08
6,7,10872983,K00756.02,Kepler-228 c,CONFIRMED,Done,2018-08-16,CANDIDATE,1.0,0,0,0,0,q1_q17_dr25_sup_koi,NO_COMMENT,4.13443512,172.97937,2455005.979,0.0,,0.762,3.1402,,686.0,0.026133,0.37377,LS+MCMC,2.77,0.0514,83.72,1160.0,427.65,6.96,Claret (2011 A&A 529 75) ATLAS LS,0.0,0.0,0.2889,0.3511,q1_q17_dr25_koi,5.500643,33.546658,40.2,3,240.0,2.0,q1_q17_dr25_tce,01111101110111011000000000000000,0.546,Mandel and Agol (2002 ApJ 580 171),,,010/010872/010872983/dv/kplr010872983-20160209194854_dvr.pdf,010/010872/010872983/dv/kplr010872983-002-20160209194854_dvs.pdf,6046.0,4.486,-0.08,0.972,1.053,,q1_q17_dr25_stellar,296.28613,48.22467,15.714,16.234,15.677,15.492,15.441,14.528,14.113,14.132,,19.752413,48.22458,0.14,-0.32,-0.00016,,0.25,0.09,0.26,0.18,0.06,0.19
7,8,10872983,K00756.03,Kepler-228 b,CONFIRMED,Done,2018-08-16,CANDIDATE,0.992,0,0,0,0,q1_q17_dr25_sup_koi,NO_COMMENT,2.56658897,179.55437,2455012.554,0.0,,0.755,2.429,,226.5,0.014983,0.48909,LS+MCMC,1.59,0.0374,82.17,1360.0,807.74,5.54,Claret (2011 A&A 529 75) ATLAS LS,0.0,0.0,0.2889,0.3511,q1_q17_dr25_koi,4.3886313,12.325094,15.0,3,355.0,3.0,q1_q17_dr25_tce,01111101110111011000000000000000,0.4352,Mandel and Agol (2002 ApJ 580 171),,,010/010872/010872983/dv/kplr010872983-20160209194854_dvr.pdf,010/010872/010872983/dv/kplr010872983-003-20160209194854_dvs.pdf,6046.0,4.486,-0.08,0.972,1.053,,q1_q17_dr25_stellar,296.28613,48.22467,15.714,16.234,15.677,15.492,15.441,14.528,14.113,14.132,,19.752412,48.22476,0.1,0.3,-4e-05,,-0.33,-0.3,0.45,-0.41,-0.29,0.5
9,10,10910878,K00757.01,Kepler-229 c,CONFIRMED,Done,2018-08-16,CANDIDATE,1.0,0,0,0,0,q1_q17_dr25_sup_koi,NO_COMMENT,16.06864674,173.621937,2455006.622,0.0,,0.052,3.5347,,4914.3,0.062161,3.6659,LS+MCMC,5.76,0.1158,89.92,600.0,30.75,36.85,Claret (2011 A&A 529 75) ATLAS LS,0.0,0.0,0.1451,0.582,q1_q17_dr25_koi,20.457163,137.44981,161.9,3,69.0,1.0,q1_q17_dr25_tce,11111110111011101000000000000000,0.1819,Mandel and Agol (2002 ApJ 580 171),,,010/010910/010910878/dv/kplr010910878-20160209194854_dvr.pdf,010/010910/010910878/dv/kplr010910878-001-20160209194854_dvs.pdf,5031.0,4.485,0.16,0.848,0.801,,q1_q17_dr25_stellar,286.99948,48.37579,15.841,16.559,15.77,15.534,15.368,14.363,13.868,13.785,0.063,19.1332989,48.375778,0.033,-0.044,0.00026,0.00049,0.041,-0.015,0.044,0.005,0.03,0.031
10,11,11446443,K00001.01,Kepler-1 b,CONFIRMED,Done,2018-08-16,CANDIDATE,0.811,0,0,0,0,q1_q17_dr25_sup_koi,CENT_SATURATED,2.470613377,122.763305,2454955.763,0.0,,0.818,1.74319,,14231.0,0.123871,1.83538,LS+MCMC,13.04,0.0354,84.41,1339.0,761.46,8.3977,Claret (2011 A&A 529 75) ATLAS LS,0.0,0.0,0.2676,0.3928,q1_q17_dr25_koi,544.1701,6468.04,4304.3,1,432.0,1.0,q1_q17_dr25_tce,11111110111011101000000000000000,0.1522,Mandel and Agol (2002 ApJ 580 171),,,011/011446/011446443/dv/kplr011446443-20160209194854_dvr.pdf,011/011446/011446443/dv/kplr011446443-001-20160209194854_dvs.pdf,5820.0,4.457,-0.06,0.964,0.971,,q1_q17_dr25_stellar,286.80847,49.316399,11.338,11.736,11.275,11.168,11.126,10.232,9.92,9.846,0.0,19.12056404,49.31642961,-0.0232,0.1066,-0.00012,0.00078,-0.009,-0.3,0.3,0.015,-0.27,0.27
11,12,10666592,K00002.01,Kepler-2 b,CONFIRMED,Done,2018-08-16,CANDIDATE,1.0,0,1,0,0,q1_q17_dr25_sup_koi,MOD_SEC_DV---PLANET_OCCULT_DV---MOD_SEC_ALT---PLANET_OCCULT_ALT---HAS_SEC_TCE---CENT_SATURATED,2.204735417,121.3585417,2454954.359,0.0,,0.224,3.88864,,6674.7,0.075522,0.37936,LS+MCMC,16.1,0.0376,87.21,2048.0,4148.92,4.602,Claret (2011 A&A 529 75) ATLAS LS,0.0,0.0,0.3168,0.2958,q1_q17_dr25_koi,232.27,3862.1846,5945.9,1,611.0,1.0,q1_q17_dr25_tce,11111111111111111000000000000000,0.0,Mandel and Agol (2002 ApJ 580 171),,,010/010666/010666592/dv/kplr010666592-20160209194854_dvr.pdf,010/010666/010666592/dv/kplr010666592-001-20160209194854_dvs.pdf,6440.0,4.019,0.14,1.952,1.449,,q1_q17_dr25_stellar,292.24728,47.969521,10.463,10.935,10.49,,,9.555,9.344,9.334,,19.483163025,47.96930831,0.3986,-0.7585,-0.001754,,2.22,-3.29,3.97,2.02,-3.67,4.19
12,13,6922244,K00010.01,Kepler-8 b,CONFIRMED,Done,2018-08-16,CANDIDATE,0.998,0,0,0,0,q1_q17_dr25_sup_koi,NO_COMMENT,3.522498429,121.1194228,2454954.119,0.0,,0.631,3.19843,,9145.7,0.092086,0.65374,LS+MCMC,14.59,0.0473,85.2,1521.0,1264.67,7.541,Claret (2011 A&A 529 75) ATLAS LS,0.0,0.0,0.305,0.3201,q1_q17_dr25_koi,130.83832,1725.5824,1741.5,1,384.0,1.0,q1_q17_dr25_tce,11111111111111111000000000000000,0.6662,Mandel and Agol (2002 ApJ 580 171),,,006/006922/006922244/dv/kplr006922244-20160209194854_dvr.pdf,006/006922/006922244/dv/kplr006922244-001-20160209194854_dvs.pdf,6225.0,4.169,-0.04,1.451,1.132,,q1_q17_dr25_stellar,281.28812,42.45108,13.563,13.886,13.511,13.424,13.413,12.576,12.324,12.293,0.0,18.75252746,42.4510634,-0.5515,-0.0597,1e-05,0.00036,0.014,-0.013,0.02,-0.028,0.176,0.178
13,14,10984090,K00112.02,Kepler-466 c,CONFIRMED,Done,2018-08-16,CANDIDATE,1.0,0,0,0,0,q1_q17_dr25_sup_koi,NO_COMMENT,3.709214104,133.98318,2454966.983,0.0,,0.051,2.6302,,131.1,0.010424,1.77451,LS+MCMC,1.16,0.0465,89.73,1206.0,500.46,10.888,Claret (2011 A&A 529 75) ATLAS LS,0.0,0.0,0.2622,0.4035,q1_q17_dr25_koi,4.8657312,41.28873,50.6,2,352.0,2.0,q1_q17_dr25_tce,11111111111111111000000000000000,0.605,Mandel and Agol (2002 ApJ 580 171),,,010/010984/010984090/dv/kplr010984090-20160209194854_dvr.pdf,010/010984/010984090/dv/kplr010984090-002-20160209194854_dvs.pdf,5833.0,4.407,-0.04,1.022,0.974,,q1_q17_dr25_stellar,295.64871,48.49556,12.772,13.169,12.74,12.602,12.564,11.698,11.402,11.367,0.009,19.709924,48.495685,0.36,0.45,-4.6e-05,-5e-05,0.24,-0.15,0.29,0.16,-0.13,0.21
18,19,10526549,K00746.01,Kepler-660 b,CONFIRMED,Done,2018-08-16,CANDIDATE,1.0,0,0,0,0,q1_q17_dr25_sup_koi,CENT_KIC_POS,9.27358173,173.258155,2455006.258,0.0,,0.387,3.2875,,1288.3,0.032563,1.93557,LS+MCMC,2.47,0.0759,88.93,649.0,41.85,20.65,Claret (2011 A&A 529 75) ATLAS LS,0.0,0.0,0.1263,0.6019,q1_q17_dr25_koi,9.616924,71.48005,87.2,1,144.0,1.0,q1_q17_dr25_tce,11111111111111111000000000000000,0.0504,Mandel and Agol (2002 ApJ 580 171),,,010/010526/010526549/dv/kplr010526549-20160209194854_dvr.pdf,010/010526/010526549/dv/kplr010526549-001-20160209194854_dvs.pdf,4856.0,4.583,-0.3,0.696,0.676,,q1_q17_dr25_stellar,288.13824,47.724449,15.302,16.111,15.24,14.955,14.765,13.672,13.12,13.033,0.037,19.2092154,47.724506,-0.05,0.2,0.00034,0.00019,-0.059,-0.008,0.059,0.042,0.344,0.346
19,20,10583066,K00747.01,Kepler-661 b,CONFIRMED,Done,2018-08-16,CANDIDATE,1.0,0,0,0,0,q1_q17_dr25_sup_koi,CENT_KIC_POS,6.02930329,171.602959,2455004.603,0.0,,0.258,1.5821,,1912.7,0.038838,13.09803,LS+MCMC,2.85,0.0585,89.5,678.0,50.04,29.31,Claret (2011 A&A 529 75) ATLAS LS,0.0,0.0,0.0628,0.6908,q1_q17_dr25_koi,6.876831,52.36939,65.4,1,215.0,1.0,q1_q17_dr25_tce,11111111111111111000000000000000,1.0,Mandel and Agol (2002 ApJ 580 171),,,010/010583/010583066/dv/kplr010583066-20160209194854_dvr.pdf,010/010583/010583066/dv/kplr010583066-001-20160209194854_dvs.pdf,4537.0,4.648,0.21,0.672,0.761,,q1_q17_dr25_stellar,283.71088,47.86327,15.784,16.838,15.758,15.332,15.1,14.001,13.37,13.231,0.77,18.9140505,47.863205,-0.32,-0.24,-0.00017,-0.0001,0.11,0.01,0.11,-0.19,-0.24,0.3
21,22,10601284,K00749.01,Kepler-226 c,CONFIRMED,Done,2018-08-16,CANDIDATE,1.0,0,0,0,0,q1_q17_dr25_sup_koi,NO_COMMENT,5.349553819,171.80694,2455004.807,0.0,,0.092,3.0278,,831.0,0.025706,1.73782,LS+MCMC,2.55,0.0563,89.62,919.0,168.99,13.8015,Claret (2011 A&A 529 75) ATLAS LS,0.0,0.0,0.186,0.5256,q1_q17_dr25_koi,6.0370364,48.504196,60.6,3,247.0,1.0,q1_q17_dr25_tce,11111111111111111000000000000000,0.7722,Mandel and Agol (2002 ApJ 580 171),,,010/010601/010601284/dv/kplr010601284-20160209194854_dvr.pdf,010/010601/010601284/dv/kplr010601284-001-20160209194854_dvs.pdf,5185.0,4.44,0.16,0.91,0.831,,q1_q17_dr25_stellar,292.37613,47.880989,15.416,15.988,15.363,15.172,15.093,14.114,13.724,13.633,0.002,19.4917224,47.880883,-0.71,-0.38,0.00055,0.0003,0.04,-0.02,0.04,-0.02,-0.03,0.04
22,23,10601284,K00749.02,Kepler-226 b,CONFIRMED,Done,2018-08-16,CANDIDATE,0.98,0,0,0,0,q1_q17_dr25_sup_koi,NO_COMMENT,3.94105221,136.08662,2454969.087,0.0,,0.226,2.5984,,363.3,0.017105,1.85636,LS+MCMC,1.7,0.046,88.88,1018.0,253.15,11.51,Claret (2011 A&A 529 75) ATLAS LS,0.0,0.0,0.186,0.5256,q1_q17_dr25_koi,4.5118856,22.749151,28.9,3,322.0,2.0,q1_q17_dr25_tce,11111111111111111000000000000000,0.923,Mandel and Agol (2002 ApJ 580 171),,,010/010601/010601284/dv/kplr010601284-20160209194854_dvr.pdf,010/010601/010601284/dv/kplr010601284-002-20160209194854_dvs.pdf,5185.0,4.44,0.16,0.91,0.831,,q1_q17_dr25_stellar,292.37613,47.880989,15.416,15.988,15.363,15.172,15.093,14.114,13.724,13.633,0.464,19.491748,47.8811,0.2,0.38,-8e-05,-0.00013,-0.23,0.35,0.42,-0.24,0.34,0.42
23,24,10601284,K00749.03,Kepler-226 d,CONFIRMED,Done,2018-08-16,CANDIDATE,0.971,0,0,0,0,q1_q17_dr25_sup_koi,NO_COMMENT,8.10904807,132.8031,2454965.803,0.0,,0.025,3.596,,217.4,0.013127,1.5302,LS+MCMC,1.3,0.0743,89.92,800.0,97.03,17.46,Claret (2011 A&A 529 75) ATLAS LS,0.0,0.0,0.186,0.5256,q1_q17_dr25_koi,4.434382,9.776852,14.1,3,141.0,3.0,q1_q17_dr25_tce,11111111111111111000000000000000,0.7742,Mandel and Agol (2002 ApJ 580 171),,,010/010601/010601284/dv/kplr010601284-20160209194854_dvr.pdf,010/010601/010601284/dv/kplr010601284-003-20160209194854_dvs.pdf,5185.0,4.44,0.16,0.91,0.831,,q1_q17_dr25_stellar,292.37613,47.880989,15.416,15.988,15.363,15.172,15.093,14.114,13.724,13.633,0.013,19.491847,47.88095,3.8,-0.1,-0.00072,2e-05,-0.11,-0.14,0.18,-0.15,-0.15,0.22
25,26,10662202,K00750.01,Kepler-662 b,CONFIRMED,Done,2018-08-16,CANDIDATE,1.0,0,0,0,0,q1_q17_dr25_sup_koi,NO_COMMENT,21.67699193,171.53594,2455004.536,0.0,,0.896,3.4555,,857.2,0.032666,0.60007,LS+MCMC,2.95,0.1408,87.91,530.0,18.64,24.6,Claret (2011 A&A 529 75) ATLAS LS,0.0,0.0,0.1451,0.582,q1_q17_dr25_koi,5.911944,24.54073,34.3,4,62.0,1.0,q1_q17_dr25_tce,11111111111111111000000000000000,0.6183,Mandel and Agol (2002 ApJ 580 171),,,010/010662/010662202/dv/kplr010662202-20160209194854_dvr.pdf,010/010662/010662202/dv/kplr010662202-001-20160209194854_dvs.pdf,4954.0,4.5,0.18,0.828,0.791,,q1_q17_dr25_stellar,290.46512,47.92918,15.377,16.172,15.343,15.036,14.826,13.81,13.298,13.201,0.103,19.364357,47.92911,0.54,-0.26,-0.00064,0.0,-0.1,-0.04,0.11,-0.28,-0.23,0.36
26,27,10682541,K00751.01,Kepler-663 b,CONFIRMED,Done,2018-08-16,CANDIDATE,1.0,0,0,0,0,q1_q17_dr25_sup_koi,NO_COMMENT,4.99677968,171.74208,2455004.742,0.0,,0.71,2.1717,,934.7,0.030014,1.71827,LS+MCMC,2.78,0.0559,86.9,917.0,166.95,13.14,Claret (2011 A&A 529 75) ATLAS LS,0.0,0.0,0.186,0.5256,q1_q17_dr25_koi,4.132564,24.283327,28.2,1,208.0,1.0,q1_q17_dr25_tce,01111101110111011000000000000000,0.036,Mandel and Agol (2002 ApJ 580 171),,,010/010682/010682541/dv/kplr010682541-20160209194854_dvr.pdf,010/010682/010682541/dv/kplr010682541-001-20160209194854_dvs.pdf,5339.0,4.552,0.18,0.847,0.931,,q1_q17_dr25_stellar,297.80826,47.946671,15.861,16.577,15.805,15.554,15.445,14.448,14.018,13.903,0.998,19.853891,47.94662,0.26,-0.17,2e-05,1e-05,-0.14,0.17,0.22,-0.06,0.1,0.11
27,28,11460018,K00769.01,Kepler-671 b,CONFIRMED,Done,2018-08-16,CANDIDATE,1.0,0,0,0,0,q1_q17_dr25_sup_koi,NO_COMMENT,4.280963604,171.89659,2455004.897,0.0,,0.424,2.875,,750.8,0.025377,1.24482,LS+MCMC,2.3,0.0503,87.72,1012.0,247.87,10.64,Claret (2011 A&A 529 75) ATLAS LS,0.0,0.0,0.2676,0.3928,q1_q17_dr25_koi,6.7006826,52.913242,61.8,1,311.0,1.0,q1_q17_dr25_tce,11111111111111111000000000000000,0.4302,Mandel and Agol (2002 ApJ 580 171),,,011/011460/011460018/dv/kplr011460018-20160209194854_dvr.pdf,011/011460/011460018/dv/kplr011460018-001-20160209194854_dvs.pdf,5644.0,4.564,-0.14,0.831,0.928,,q1_q17_dr25_stellar,294.26581,49.314091,15.356,15.926,15.314,15.112,15.033,14.121,13.756,13.769,0.0,19.6177106,49.314102,-0.33,0.04,0.00073,6e-05,0.003,-0.065,0.066,-0.015,0.158,0.158
31,32,11507101,K00773.01,Kepler-672 b,CONFIRMED,Done,2018-08-16,CANDIDATE,1.0,0,0,0,0,q1_q17_dr25_sup_koi,CENT_KIC_POS,38.3775486,172.82048,2455005.82,0.0,,0.468,5.588,,724.2,0.024901,1.40588,LS+MCMC,2.82,0.2163,89.44,529.0,18.53,47.8,Claret (2011 A&A 529 75) ATLAS LS,0.0,0.0,0.224,0.4695,q1_q17_dr25_koi,10.352898,31.946487,34.7,1,37.0,1.0,q1_q17_dr25_tce,11111111111111111000000000000000,0.3889,Mandel and Agol (2002 ApJ 580 171),,,011/011507/011507101/dv/kplr011507101-20160209194854_dvr.pdf,011/011507/011507101/dv/kplr011507101-001-20160209194854_dvs.pdf,5481.0,4.369,0.16,1.036,0.915,,q1_q17_dr25_stellar,291.72202,49.480869,15.172,15.654,15.089,14.965,14.874,13.962,13.639,13.497,0.0,19.4481442,49.480618,0.36,-0.91,0.00067,-0.00104,-0.85,1.54,1.76,-0.01,0.04,0.04
32,33,10910878,K00757.02,Kepler-229 d,CONFIRMED,Done,2018-08-16,CANDIDATE,0.992,0,0,0,0,q1_q17_dr25_sup_koi,NO_COMMENT,41.19725502,165.00404,2454998.004,0.0,,0.045,4.6297,,2213.9,0.041693,3.9471,LS+MCMC,3.86,0.217,89.96,439.0,8.76,70.75,Claret (2011 A&A 529 75) ATLAS LS,0.0,0.0,0.1451,0.582,q1_q17_dr25_koi,11.918161,37.877567,51.2,3,26.0,2.0,q1_q17_dr25_tce,11111110111011101000000000000000,0.1551,Mandel and Agol (2002 ApJ 580 171),,,010/010910/010910878/dv/kplr010910878-20160209194854_dvr.pdf,010/010910/010910878/dv/kplr010910878-002-20160209194854_dvs.pdf,5031.0,4.485,0.16,0.848,0.801,,q1_q17_dr25_stellar,286.99948,48.37579,15.841,16.559,15.77,15.534,15.368,14.363,13.868,13.785,0.123,19.1332861,48.37579,-0.43,0.0,0.00111,0.00012,0.12,0.0,0.12,0.07,0.03,0.08
33,34,10910878,K00757.03,Kepler-229 b,CONFIRMED,Done,2018-08-16,CANDIDATE,1.0,0,0,0,0,q1_q17_dr25_sup_koi,NO_COMMENT,6.252962249,171.30126,2455004.301,0.0,,0.105,2.5819,,1036.9,0.028604,3.28707,LS+MCMC,2.65,0.0617,89.68,823.0,108.3,18.94,Claret (2011 A&A 529 75) ATLAS LS,0.0,0.0,0.1451,0.582,q1_q17_dr25_koi,5.834264,35.96252,47.1,3,167.0,3.0,q1_q17_dr25_tce,11111110111011101000000000000000,0.7587,Mandel and Agol (2002 ApJ 580 171),,,010/010910/010910878/dv/kplr010910878-20160209194854_dvr.pdf,010/010910/010910878/dv/kplr010910878-003-20160209194854_dvs.pdf,5031.0,4.485,0.16,0.848,0.801,,q1_q17_dr25_stellar,286.99948,48.37579,15.841,16.559,15.77,15.534,15.368,14.363,13.868,13.785,0.236,19.1332878,48.375832,-0.36,0.15,0.00042,-9e-05,0.03,0.05,0.06,-0.02,0.05,0.05
34,35,10987985,K00758.01,Kepler-665 b,CONFIRMED,Done,2018-08-16,CANDIDATE,1.0,0,0,0,0,q1_q17_dr25_sup_koi,NO_COMMENT,16.01308419,176.3608,2455009.361,0.0,,0.799,3.2554,,1121.9,0.034369,1.10942,LS+MCMC,3.1,0.1148,88.14,593.0,29.31,24.7,Claret (2011 A&A 529 75) ATLAS LS,0.0,0.0,0.1496,0.5746,q1_q17_dr25_koi,8.468995,31.066507,33.2,1,65.0,1.0,q1_q17_dr25_tce,11101101110111011000000000000000,0.8555,Mandel and Agol (2002 ApJ 580 171),,,010/010987/010987985/dv/kplr010987985-20160209194854_dvr.pdf,010/010987/010987985/dv/kplr010987985-001-20160209194854_dvs.pdf,5015.0,4.499,0.1,0.826,0.785,,q1_q17_dr25_stellar,297.02563,48.478588,15.39,16.223,15.342,15.033,14.903,13.855,13.323,13.214,0.167,19.801708,48.47849,-0.03,-0.36,-2e-05,0.00054,-0.06,-0.21,0.22,-0.18,-0.08,0.19
35,36,11018648,K00759.01,Kepler-230 b,CONFIRMED,Done,2018-08-16,CANDIDATE,1.0,0,0,0,0,q1_q17_dr25_sup_koi,NO_COMMENT,32.62876672,194.1019,2455027.102,0.0,,0.021,4.7971,,1804.8,0.03852,2.79093,LS+MCMC,3.36,0.1889,89.98,506.0,15.55,53.95,Claret (2011 A&A 529 75) ATLAS LS,0.0,0.0,0.2521,0.421,q1_q17_dr25_koi,14.0889,61.372303,80.0,2,34.0,1.0,q1_q17_dr25_tce,11111110111011101000000000000000,0.6386,Mandel and Agol (2002 ApJ 580 171),,,011/011018/011018648/dv/kplr011018648-20160209194854_dvr.pdf,011/011018/011018648/dv/kplr011018648-001-20160209194854_dvs.pdf,5586.0,4.56,-0.3,0.798,0.844,,q1_q17_dr25_stellar,285.71854,48.505859,15.082,15.64,15.04,14.842,14.765,13.824,13.37,13.299,0.047,19.0478951,48.505812,-0.25,-0.17,0.00079,-0.00016,0.037,0.07,0.08,0.121,-0.09,0.15
36,37,11018648,K00759.02,Kepler-230 c,CONFIRMED,Done,2018-08-16,CANDIDATE,0.978,0,0,0,0,q1_q17_dr25_sup_koi,NO_COMMENT,91.7732862,193.8378,2455026.838,0.0,,0.606,6.473,,652.0,0.02432,1.60558,LS+MCMC,2.12,0.3764,89.61,359.0,3.92,89.4,Claret (2011 A&A 529 75) ATLAS LS,0.0,0.0,0.2521,0.421,q1_q17_dr25_koi,6.9461374,14.678595,19.1,2,11.0,2.0,q1_q17_dr25_tce,11111110111011101000000000000000,0.7668,Mandel and Agol (2002 ApJ 580 171),,,011/011018/011018648/dv/kplr011018648-20160209194854_dvr.pdf,011/011018/011018648/dv/kplr011018648-002-20160209194854_dvs.pdf,5586.0,4.56,-0.3,0.798,0.844,,q1_q17_dr25_stellar,285.71854,48.505859,15.082,15.64,15.04,14.842,14.765,13.824,13.37,13.299,0.599,19.047889,48.50571,-0.5,-0.52,0.00041,0.00016,-0.36,-0.41,0.55,-0.35,-0.55,0.65
37,38,11138155,K00760.01,,CANDIDATE,Done,2018-08-16,CANDIDATE,1.0,0,0,0,0,q1_q17_dr25_sup_koi,NO_COMMENT,4.959319244,172.2585292,2455005.259,0.0,,0.831,2.22739,,9802.0,0.103379,1.46169,LS+MCMC,12.21,0.0565,86.15,1103.0,349.4,12.386,Claret (2011 A&A 529 75) ATLAS LS,0.0,0.0,0.2602,0.4096,q1_q17_dr25_koi,58.764744,670.4895,696.5,1,269.0,1.0,q1_q17_dr25_tce,11111111111111111000000000000000,0.0517,Mandel and Agol (2002 ApJ 580 171),,,011/011138/011138155/dv/kplr011138155-20160209194854_dvr.pdf,011/011138/011138155/dv/kplr011138155-001-20160209194854_dvs.pdf,5712.0,4.359,0.1,1.082,0.976,,q1_q17_dr25_stellar,292.16705,48.727589,15.263,15.715,15.209,15.069,15.041,14.123,13.815,13.805,0.705,19.47780401,48.7275662,0.0,-0.086,0.00011,-7e-05,-0.018,0.012,0.022,-0.021,-0.077,0.08
39,40,11153539,K00762.01,Kepler-666 b,CONFIRMED,Done,2018-08-16,CANDIDATE,1.0,0,0,0,0,q1_q17_dr25_sup_koi,NO_COMMENT,4.49876511,171.34905,2455004.349,0.0,,0.312,3.7362,,460.0,0.019817,0.67106,LS+MCMC,2.1,0.0542,88.0,1133.0,389.62,8.95,Claret (2011 A&A 529 75) ATLAS LS,0.0,0.0,0.2889,0.3511,q1_q17_dr25_koi,4.435833,26.501581,29.5,1,238.0,1.0,q1_q17_dr25_tce,11111101110111011000000000000000,0.1694,Mandel and Agol (2002 ApJ 580 171),,,011/011153/011153539/dv/kplr011153539-20160209194854_dvr.pdf,011/011153/011153539/dv/kplr011153539-001-20160209194854_dvs.pdf,6075.0,4.486,-0.12,0.969,1.048,,q1_q17_dr25_stellar,298.45685,48.791592,15.395,15.874,15.335,15.19,15.084,14.199,13.853,13.807,0.281,19.897146,48.79174,0.83,0.54,-0.00024,-0.0001,0.09,-0.12,0.15,0.18,0.04,0.19
41,42,9579641,K00115.01,Kepler-105 b,CONFIRMED,Done,2018-08-16,CANDIDATE,1.0,0,0,0,0,q1_q17_dr25_sup_koi,NO_COMMENT,5.412203927,133.143089,2454966.143,0.0,,0.787,2.9472,,601.6,0.024775,0.51087,LS+MCMC,2.94,0.0591,85.12,1093.0,337.68,9.25,Claret (2011 A&A 529 75) ATLAS LS,0.0,0.0,0.2676,0.3928,q1_q17_dr25_koi,46.475086,163.47614,166.7,3,244.0,1.0,q1_q17_dr25_tce,11111111111111111000000000000000,0.2265,Mandel and Agol (2002 ApJ 580 171),,,009/009579/009579641/dv/kplr009579641-20160209194854_dvr.pdf,009/009579/009579641/dv/kplr009579641-001-20160209194854_dvs.pdf,5779.0,4.339,-0.06,1.087,0.941,,q1_q17_dr25_stellar,287.88733,46.276241,12.791,13.111,12.732,12.654,12.648,11.811,11.555,11.503,0.0,19.1924882,46.276192,0.007,-0.175,-5.2e-05,-0.000137,-0.03,0.08,0.08,-0.16,-0.18,0.24
42,43,11304958,K00764.01,Kepler-667 b,CONFIRMED,Done,2018-08-16,CANDIDATE,0.998,0,0,0,0,q1_q17_dr25_sup_koi,NO_COMMENT,41.43958662,208.93203,2455041.932,0.0,,0.355,10.5989,,2793.1,0.048175,0.28189,LS+MCMC,5.5,0.2288,89.31,516.0,16.72,29.47,Claret (2011 A&A 529 75) ATLAS LS,0.0,0.0,0.224,0.4695,q1_q17_dr25_koi,27.788597,124.52492,141.1,1,33.0,1.0,q1_q17_dr25_tce,11111111111111111000000000000000,0.4776,Mandel and Agol (2002 ApJ 580 171),,,011/011304/011304958/dv/kplr011304958-20160209194854_dvr.pdf,011/011304/011304958/dv/kplr011304958-001-20160209194854_dvs.pdf,5468.0,4.367,0.22,1.046,0.93,,q1_q17_dr25_stellar,295.55505,49.017342,15.4,16.068,15.32,15.114,14.996,13.948,13.596,13.519,0.043,19.7036699,49.017297,0.0,-0.15,-0.00022,-0.0004,-0.029,-0.072,0.078,-0.049,-0.069,0.085
43,44,11391957,K00765.01,Kepler-668 b,CONFIRMED,Done,2018-08-16,CANDIDATE,1.0,0,0,0,0,q1_q17_dr25_sup_koi,NO_COMMENT,8.35389523,171.63257,2455004.633,0.0,,0.023,2.2514,,1041.6,0.029305,6.73215,LS+MCMC,2.52,0.0768,89.95,790.0,91.9,29.18,Claret (2011 A&A 529 75) ATLAS LS,0.0,0.0,0.2521,0.421,q1_q17_dr25_koi,5.6967807,36.34974,43.4,1,127.0,1.0,q1_q17_dr25_tce,11111110111011101000000000000000,0.5047,Mandel and Agol (2002 ApJ 580 171),,,011/011391/011391957/dv/kplr011391957-20160209194854_dvr.pdf,011/011391/011391957/dv/kplr011391957-001-20160209194854_dvs.pdf,5592.0,4.582,-0.28,0.787,0.862,,q1_q17_dr25_stellar,285.49924,49.277351,15.317,15.862,15.267,15.083,14.985,13.996,13.582,13.533,0.645,19.033292,49.277375,0.32,0.09,-0.00025,-9e-05,0.0,0.09,0.09,0.04,-0.17,0.17
44,45,11403044,K00766.01,Kepler-669 b,CONFIRMED,Done,2018-08-16,CANDIDATE,1.0,0,0,0,0,q1_q17_dr25_sup_koi,NO_COMMENT,4.125543472,169.752585,2455002.753,0.0,,0.597,3.1744,,1487.3,0.036796,0.67162,LS+MCMC,4.43,0.0529,85.95,1243.0,565.35,8.45,Claret (2011 A&A 529 75) ATLAS LS,0.0,0.0,0.3024,0.3288,q1_q17_dr25_koi,9.387555,94.70979,128.6,1,323.0,1.0,q1_q17_dr25_tce,01111111111111111000000000000000,0.6043,Mandel and Agol (2002 ApJ 580 171),,,011/011403/011403044/dv/kplr011403044-20160209194854_dvr.pdf,011/011403/011403044/dv/kplr011403044-001-20160209194854_dvs.pdf,6174.0,4.417,0.1,1.103,1.162,,q1_q17_dr25_stellar,291.93616,49.253979,15.506,15.977,15.453,15.305,15.253,14.38,14.083,14.198,0.431,19.4624133,49.254001,0.07,0.07,-0.00012,-9e-05,-0.034,0.009,0.035,-0.066,0.036,0.075
45,46,11414511,K00767.01,Kepler-670 b,CONFIRMED,Done,2018-08-16,CANDIDATE,1.0,0,0,0,0,q1_q17_dr25_sup_koi,NO_COMMENT,2.816504904,170.9676846,2455003.968,0.0,,0.105,2.50587,,16814.0,0.117059,2.09079,LS+MCMC,12.21,0.0383,89.37,1219.0,521.13,9.571,Claret (2011 A&A 529 75) ATLAS LS,0.0,0.0,0.2291,0.4603,q1_q17_dr25_koi,104.64681,1328.3038,1406.8,1,474.0,1.0,q1_q17_dr25_tce,11111111111111111000000000000000,0.7998,Mandel and Agol (2002 ApJ 580 171),,,011/011414/011414511/dv/kplr011414511-20160209194854_dvr.pdf,011/011414/011414511/dv/kplr011414511-001-20160209194854_dvs.pdf,5532.0,4.452,0.14,0.955,0.941,,q1_q17_dr25_stellar,297.01547,49.225288,15.052,15.636,14.988,14.802,14.685,13.732,13.393,13.315,0.0,19.8010403,49.2253781,0.3386,0.317,-0.00034,0.00069,-0.024,-0.007,0.025,0.032,0.159,0.162
47,48,12110942,K00786.01,Kepler-680 b,CONFIRMED,Done,2018-08-16,CANDIDATE,1.0,0,0,0,0,q1_q17_dr25_sup_koi,NO_COMMENT,3.689920099,170.36571,2455003.366,0.0,,0.151,2.6557,,426.7,0.018878,1.70798,LS+MCMC,1.89,0.0469,89.19,1147.0,408.99,10.71,Claret (2011 A&A 529 75) ATLAS LS,0.0,0.0,0.2889,0.3511,q1_q17_dr25_koi,4.8750124,31.786789,35.6,1,360.0,1.0,q1_q17_dr25_tce,11111111111111111000000000000000,0.4053,Mandel and Agol (2002 ApJ 580 171),,,012/012110/012110942/dv/kplr012110942-20160209194854_dvr.pdf,012/012110/012110942/dv/kplr012110942-001-20160209194854_dvs.pdf,5880.0,4.518,-0.06,0.917,1.01,,q1_q17_dr25_stellar,291.62241,50.61824,15.242,15.735,15.177,15.031,14.969,14.012,13.72,13.764,0.255,19.441486,50.61826,-0.27,0.07,0.00017,0.00012,-0.27,0.05,0.27,-0.3,-0.02,0.3
48,49,12366084,K00787.01,Kepler-232 b,CONFIRMED,Done,2018-08-16,CANDIDATE,1.0,0,0,0,0,q1_q17_dr25_sup_koi,NO_COMMENT,4.431238488,171.015,2455004.015,0.0,,0.405,3.15,,1010.9,0.02933,1.01996,LS+MCMC,3.25,0.0529,87.72,1104.0,351.23,10.19,Claret (2011 A&A 529 75) ATLAS LS,0.0,0.0,0.2555,0.4191,q1_q17_dr25_koi,6.815371,58.259056,71.1,3,302.0,1.0,q1_q17_dr25_tce,11111111111111111000000000000000,0.52,Mandel and Agol (2002 ApJ 580 171),,,012/012366/012366084/dv/kplr012366084-20160209194854_dvr.pdf,012/012366/012366084/dv/kplr012366084-001-20160209194854_dvs.pdf,5714.0,4.428,0.16,1.015,1.007,,q1_q17_dr25_stellar,295.81616,51.121738,15.367,15.912,15.311,15.133,15.081,14.179,13.799,13.765,0.016,19.7210781,51.121966,0.03,0.82,0.0005,-0.0001,-0.097,0.03,0.1,-0.045,0.06,0.07
49,50,12366084,K00787.02,Kepler-232 c,CONFIRMED,Done,2018-08-16,CANDIDATE,1.0,0,0,0,0,q1_q17_dr25_sup_koi,NO_COMMENT,11.37936986,133.84992,2454966.85,0.0,,0.911,2.6255,,1023.5,0.035628,0.63438,LS+MCMC,3.95,0.0993,86.8,806.0,99.68,16.31,Claret (2011 A&A 529 75) ATLAS LS,0.0,0.0,0.2555,0.4191,q1_q17_dr25_koi,5.2506146,29.930164,37.9,3,109.0,2.0,q1_q17_dr25_tce,11111111111111111000000000000000,0.2364,Mandel and Agol (2002 ApJ 580 171),,,012/012366/012366084/dv/kplr012366084-20160209194854_dvr.pdf,012/012366/012366084/dv/kplr012366084-002-20160209194854_dvs.pdf,5714.0,4.428,0.16,1.015,1.007,,q1_q17_dr25_stellar,295.81616,51.121738,15.367,15.912,15.311,15.133,15.081,14.179,13.799,13.765,0.372,19.721105,51.12198,0.93,0.88,-0.00041,-0.00017,0.09,-0.06,0.11,0.14,-0.05,0.15
50,51,12404086,K00788.01,Kepler-681 b,CONFIRMED,Done,2018-08-16,CANDIDATE,1.0,0,0,0,0,q1_q17_dr25_sup_koi,NO_COMMENT,26.39432897,176.05459,2455009.055,0.0,,0.602,3.573,,1510.9,0.03681,2.93923,LS+MCMC,3.07,0.1635,89.28,489.0,13.49,47.7,Claret (2011 A&A 529 75) ATLAS LS,0.0,0.0,0.1959,0.5086,q1_q17_dr25_koi,8.917681,41.269753,48.2,1,51.0,1.0,q1_q17_dr25_tce,11111111111111111000000000000000,0.2735,Mandel and Agol (2002 ApJ 580 171),,,012/012404/012404086/dv/kplr012404086-20160209194854_dvr.pdf,012/012404/012404086/dv/kplr012404086-001-20160209194854_dvs.pdf,5129.0,4.595,0.02,0.763,0.846,,q1_q17_dr25_stellar,289.39972,51.25032,15.234,15.956,15.16,14.924,14.816,13.757,13.272,13.172,0.592,19.2933174,51.250533,0.09,0.77,0.00037,3e-05,-0.18,0.2,0.27,-0.18,0.05,0.18
51,52,8395660,K00116.01,Kepler-106 c,CONFIRMED,Done,2018-08-16,CANDIDATE,1.0,0,0,0,0,q1_q17_dr25_sup_koi,NO_COMMENT,13.57078281,136.279194,2454969.279,0.0,,0.866,3.3539,,511.7,0.023908,0.49865,LS+MCMC,2.64,0.1096,87.07,785.0,89.61,16.93,Claret (2011 A&A 529 75) ATLAS LS,0.0,0.0,0.2676,0.3928,q1_q17_dr25_koi,18.771214,76.76887,88.4,4,101.0,1.0,q1_q17_dr25_tce,11111111111111111000000000000000,0.6645,Mandel and Agol (2002 ApJ 580 171),,,008/008395/008395660/dv/kplr008395660-20160209194854_dvr.pdf,008/008395/008395660/dv/kplr008395660-001-20160209194854_dvs.pdf,5854.0,4.406,-0.12,1.012,0.951,,q1_q17_dr25_stellar,300.86398,44.337551,12.882,13.293,12.85,12.706,12.646,11.752,11.494,11.431,0.044,20.0576138,44.337549,0.61,0.0,-4.4e-05,0.000108,0.26,0.02,0.26,0.37,0.19,0.41
52,53,9579641,K00115.02,Kepler-105 c,CONFIRMED,Done,2018-08-16,CANDIDATE,1.0,0,0,0,0,q1_q17_dr25_sup_koi,NO_COMMENT,7.12594387,139.00492,2454972.005,0.0,,0.898,3.0014,,192.4,0.01512,0.23879,LS+MCMC,1.79,0.0711,84.02,997.0,233.31,8.62,Claret (2011 A&A 529 75) ATLAS LS,0.0,0.0,0.2676,0.3928,q1_q17_dr25_koi,6.1814723,39.793564,47.1,3,181.0,2.0,q1_q17_dr25_tce,11111111111111111000000000000000,0.7788,Mandel and Agol (2002 ApJ 580 171),,,009/009579/009579641/dv/kplr009579641-20160209194854_dvr.pdf,009/009579/009579641/dv/kplr009579641-002-20160209194854_dvs.pdf,5779.0,4.339,-0.06,1.087,0.941,,q1_q17_dr25_stellar,287.88733,46.276241,12.791,13.111,12.732,12.654,12.648,11.811,11.555,11.503,0.009,19.1924958,46.276037,0.29,-0.73,-6.9e-05,6.1e-05,0.03,0.04,0.06,-0.09,-0.21,0.23
54,55,11754553,K00775.01,Kepler-52 c,CONFIRMED,Done,2018-08-16,CANDIDATE,1.0,0,0,0,0,q1_q17_dr25_sup_koi,NO_COMMENT,16.38489988,172.72782,2455005.728,0.0,,0.001,3.0249,,1127.1,0.029758,5.4538,LS+MCMC,2.0,0.1084,90.0,433.0,8.35,42.62,Claret (2011 A&A 529 75) ATLAS LS,0.0,0.0,0.0718,0.6834,q1_q17_dr25_koi,6.419572,28.122635,28.9,3,65.0,2.0,q1_q17_dr25_tce,11111110111011101000000000000000,0.7202,Mandel and Agol (2002 ApJ 580 171),,,011/011754/011754553/dv/kplr011754553-20160209194854_dvr.pdf,011/011754/011754553/dv/kplr011754553-002-20160209194854_dvs.pdf,4126.0,4.661,0.04,0.615,0.633,,q1_q17_dr25_stellar,286.73804,49.97575,15.095,16.328,15.068,14.567,14.305,13.153,12.507,12.36,0.204,19.11585,49.97583,-0.67,0.28,0.0006,-3e-05,0.02,-0.02,0.03,-0.07,0.15,0.17
55,56,11754553,K00775.02,Kepler-52 b,CONFIRMED,Done,2018-08-16,CANDIDATE,1.0,0,0,0,0,q1_q17_dr25_sup_koi,NO_COMMENT,7.8774163,176.3759,2455009.376,0.0,,0.041,2.0805,,1306.1,0.03209,8.09685,LS+MCMC,2.16,0.0665,89.92,553.0,22.18,29.84,Claret (2011 A&A 529 75) ATLAS LS,0.0,0.0,0.0718,0.6834,q1_q17_dr25_koi,10.036489,41.450657,38.7,3,135.0,1.0,q1_q17_dr25_tce,11111110111011101000000000000000,0.5008,Mandel and Agol (2002 ApJ 580 171),,,011/011754/011754553/dv/kplr011754553-20160209194854_dvr.pdf,011/011754/011754553/dv/kplr011754553-001-20160209194854_dvs.pdf,4126.0,4.661,0.04,0.615,0.633,,q1_q17_dr25_stellar,286.73804,49.97575,15.095,16.328,15.068,14.567,14.305,13.153,12.507,12.36,0.588,19.1158594,49.975824,-0.34,0.27,0.00032,-2e-05,0.06,-0.03,0.07,-0.02,0.16,0.16
56,57,11754553,K00775.03,Kepler-52 d,CONFIRMED,Done,2018-08-16,CANDIDATE,1.0,0,0,0,0,q1_q17_dr25_sup_koi,NO_COMMENT,36.4454001,151.60125,2454984.601,0.0,,0.028,4.007,,1122.3,0.029681,5.21237,LS+MCMC,1.99,0.1847,89.98,332.0,2.88,71.53,Claret (2011 A&A 529 75) ATLAS LS,0.0,0.0,0.0718,0.6834,q1_q17_dr25_koi,5.9903665,19.803268,21.7,3,27.0,3.0,q1_q17_dr25_tce,11111110111011101000000000000000,0.6219,Mandel and Agol (2002 ApJ 580 171),,,011/011754/011754553/dv/kplr011754553-20160209194854_dvr.pdf,011/011754/011754553/dv/kplr011754553-003-20160209194854_dvs.pdf,4126.0,4.661,0.04,0.615,0.633,,q1_q17_dr25_stellar,286.73804,49.97575,15.095,16.328,15.068,14.567,14.305,13.153,12.507,12.36,0.01,19.11587,49.97559,0.04,-0.58,-0.00014,0.00084,-0.01,0.17,0.17,-0.07,0.36,0.36
57,58,11812062,K00776.01,Kepler-673 b,CONFIRMED,Done,2018-08-16,CANDIDATE,1.0,0,0,0,0,q1_q17_dr25_sup_koi,NO_COMMENT,3.728732147,171.793255,2455004.793,0.0,,0.558,2.683,,5226.5,0.068178,1.24118,LS+MCMC,6.02,0.0455,86.7,1023.0,258.34,9.7,Claret (2011 A&A 529 75) ATLAS LS,0.0,0.0,0.2396,0.4415,q1_q17_dr25_koi,28.264866,360.1958,345.2,1,357.0,1.0,q1_q17_dr25_tce,11111111111111111000000000000000,0.6769,Mandel and Agol (2002 ApJ 580 171),,,011/011812/011812062/dv/kplr011812062-20160209194854_dvr.pdf,011/011812/011812062/dv/kplr011812062-001-20160209194854_dvs.pdf,5497.0,4.577,-0.1,0.809,0.907,,q1_q17_dr25_stellar,290.78574,50.054119,15.523,16.107,15.461,15.273,15.177,14.179,13.825,13.669,0.0,19.3857191,50.05406,0.083,-0.217,0.00057,-0.00136,-0.072,0.041,0.083,0.033,-0.117,0.122
58,59,11818800,K00777.01,,CANDIDATE,Done,2018-08-16,CANDIDATE,0.999,0,0,0,0,q1_q17_dr25_sup_koi,NO_COMMENT,40.4195037,173.56469,2455006.565,0.0,,0.911,3.362,,6256.0,0.088069,1.89549,LS+MCMC,7.51,0.2062,89.05,467.0,11.29,54.7,Claret (2011 A&A 529 75) ATLAS LS,0.0,0.0,0.2665,0.398,q1_q17_dr25_koi,22.598503,94.071846,36.9,1,36.0,1.0,q1_q17_dr25_tce,11111111111111111000000000000000,0.8482,Mandel and Agol (2002 ApJ 580 171),,,011/011818/011818800/dv/kplr011818800-20160209194854_dvr.pdf,011/011818/011818800/dv/kplr011818800-001-20160209194854_dvs.pdf,5446.0,4.507,-0.54,0.781,0.714,,q1_q17_dr25_stellar,294.31686,50.080231,15.487,16.1,15.463,15.224,15.091,14.029,13.631,13.491,0.027,19.6211267,50.080316,0.09,0.31,0.0006,-0.0011,-0.025,0.051,0.057,-0.049,-0.021,0.053
59,60,11853255,K00778.01,Kepler-674 b,CONFIRMED,Done,2018-08-16,CANDIDATE,1.0,0,0,0,0,q1_q17_dr25_sup_koi,CENT_KIC_POS,2.243380573,170.679233,2455003.679,0.0,,0.915,1.1196,,821.7,0.032248,1.50915,LS+MCMC,1.99,0.028,82.88,822.0,107.6,7.38,Claret (2011 A&A 529 75) ATLAS LS,0.0,0.0,0.1171,0.6215,q1_q17_dr25_koi,4.251499,30.578562,38.9,1,472.0,1.0,q1_q17_dr25_tce,11111110111011101000000000000000,0.5576,Mandel and Agol (2002 ApJ 580 171),,,011/011853/011853255/dv/kplr011853255-20160209194854_dvr.pdf,011/011853/011853255/dv/kplr011853255-001-20160209194854_dvs.pdf,4149.0,4.698,-0.32,0.564,0.578,,q1_q17_dr25_stellar,285.17621,50.149818,15.135,16.369,15.11,14.607,14.322,13.213,12.521,12.394,0.0,19.0117449,50.14995,-0.06,0.46,-0.00024,-0.00057,0.19,0.27,0.33,0.05,-0.06,0.08
61,62,11918099,K00780.01,Kepler-675 b,CONFIRMED,Done,2018-08-16,CANDIDATE,1.0,0,0,0,0,q1_q17_dr25_sup_koi,NO_COMMENT,2.337437946,171.761982,2455004.762,0.0,,0.28,1.9982,,971.2,0.027998,2.41093,LS+MCMC,2.34,0.0325,88.19,1070.0,311.16,8.86,Claret (2011 A&A 529 75) ATLAS LS,0.0,0.0,0.1496,0.5746,q1_q17_dr25_koi,6.0310416,63.58795,82.4,2,578.0,1.0,q1_q17_dr25_tce,11111111111111111000000000000000,0.6818,Mandel and Agol (2002 ApJ 580 171),,,011/011918/011918099/dv/kplr011918099-20160209194854_dvr.pdf,011/011918/011918099/dv/kplr011918099-001-20160209194854_dvs.pdf,5005.0,4.595,0.14,0.765,0.85,,q1_q17_dr25_stellar,293.83331,50.23035,15.334,16.11,15.283,15.001,14.882,13.81,13.3,13.195,0.0,19.5888925,50.230226,0.16,-0.45,6e-05,0.00045,0.027,0.05,0.061,0.357,0.2,0.41
62,63,11918099,K00780.02,,CANDIDATE,Done,2018-08-16,CANDIDATE,0.993,0,0,0,0,q1_q17_dr25_sup_koi,NO_COMMENT,7.2406612,137.75545,2454970.755,0.0,,1.198,0.558,,556.4,0.232818,8.66412,LS+MCMC,19.45,0.0692,87.62,734.0,68.63,28.8,Claret (2011 A&A 529 75) ATLAS LS,0.0,0.0,0.1496,0.5746,q1_q17_dr25_koi,3.2751372,9.1666,13.7,2,168.0,2.0,q1_q17_dr25_tce,11111111111111111000000000000000,0.4049,Mandel and Agol (2002 ApJ 580 171),,,011/011918/011918099/dv/kplr011918099-20160209194854_dvr.pdf,011/011918/011918099/dv/kplr011918099-002-20160209194854_dvs.pdf,5005.0,4.595,0.14,0.765,0.85,,q1_q17_dr25_stellar,293.83331,50.23035,15.334,16.11,15.283,15.001,14.882,13.81,13.3,13.195,0.058,19.588885,50.22996,-0.1,-1.4,0.00016,0.00075,-0.51,-0.49,0.71,0.08,-0.38,0.39
63,64,9579641,K00115.03,,CANDIDATE,Done,2018-08-16,CANDIDATE,0.871,0,0,0,0,q1_q17_dr25_sup_koi,NO_COMMENT,3.43591631,132.6624,2454965.662,0.0,,0.624,3.133,,23.2,0.004612,0.47024,LS+MCMC,0.55,0.0437,84.62,1272.0,617.61,6.65,Claret (2011 A&A 529 75) ATLAS LS,0.0,0.0,0.2676,0.3928,q1_q17_dr25_koi,3.8943021,7.4337807,8.7,3,357.0,3.0,q1_q17_dr25_tce,11111111111111111000000000000000,0.0228,Mandel and Agol (2002 ApJ 580 171),,,009/009579/009579641/dv/kplr009579641-20160209194854_dvr.pdf,009/009579/009579641/dv/kplr009579641-003-20160209194854_dvs.pdf,5779.0,4.339,-0.06,1.087,0.941,,q1_q17_dr25_stellar,287.88733,46.276241,12.791,13.111,12.732,12.654,12.648,11.811,11.555,11.503,0.858,19.192473,46.27616,-0.6,-0.3,1.2e-05,-3e-06,0.01,-0.05,0.05,-0.11,-0.3,0.3
64,65,11923270,K00781.01,Kepler-676 b,CONFIRMED,Done,2018-08-16,CANDIDATE,1.0,0,0,0,0,q1_q17_dr25_sup_koi,CENT_KIC_POS,11.59822233,180.395376,2455013.395,0.0,,0.679,2.5237,,2804.5,0.051287,3.14915,LS+MCMC,2.65,0.0798,88.62,396.0,5.82,28.2,Claret (2011 A&A 529 75) ATLAS LS,0.0,0.0,0.3872,0.3156,q1_q17_dr25_koi,11.461336,62.376225,71.0,1,115.0,1.0,q1_q17_dr25_tce,11111111111111111000000000000000,0.6552,Mandel and Agol (2002 ApJ 580 171),,,011/011923/011923270/dv/kplr011923270-20160209194854_dvr.pdf,011/011923/011923270/dv/kplr011923270-001-20160209194854_dvs.pdf,3688.0,4.79,0.0,0.473,0.503,,q1_q17_dr25_stellar,296.22195,50.28722,15.937,17.501,16.14,15.267,14.795,13.474,12.813,12.628,0.178,19.7481495,50.287475,0.63,0.92,-0.00029,0.0006,0.059,-0.03,0.066,0.29,0.628,0.69
65,66,11960862,K00782.01,Kepler-677 b,CONFIRMED,Done,2018-08-16,CANDIDATE,1.0,0,0,0,0,q1_q17_dr25_sup_koi,NO_COMMENT,6.575315881,173.634044,2455006.634,0.0,,0.39,4.3084,,2793.3,0.049152,0.64392,LS+MCMC,5.31,0.067,88.03,1015.0,251.38,11.37,Claret (2011 A&A 529 75) ATLAS LS,0.0,0.0,0.2965,0.3342,q1_q17_dr25_koi,20.537346,210.22159,221.1,1,205.0,1.0,q1_q17_dr25_tce,11111111111111111000000000000000,0.5611,Mandel and Agol (2002 ApJ 580 171),,,011/011960/011960862/dv/kplr011960862-20160209194854_dvr.pdf,011/011960/011960862/dv/kplr011960862-001-20160209194854_dvs.pdf,5992.0,4.415,-0.32,0.989,0.927,,q1_q17_dr25_stellar,290.09805,50.321609,15.312,15.797,15.275,15.104,15.03,14.071,13.793,13.686,0.013,19.3398711,50.321582,0.016,-0.099,0.00044,-7e-05,-0.033,-0.04,0.052,-0.009,-0.181,0.181
66,67,12020329,K00783.01,Kepler-678 b,CONFIRMED,Done,2018-08-16,CANDIDATE,1.0,0,0,0,0,q1_q17_dr25_sup_koi,NO_COMMENT,7.275040844,169.994217,2455002.994,0.0,,0.547,7.5377,,3001.0,0.051358,0.10578,LS+MCMC,4.86,0.0732,85.29,833.0,113.64,6.66,Claret (2011 A&A 529 75) ATLAS LS,0.0,0.0,0.224,0.4695,q1_q17_dr25_koi,24.639503,234.95987,312.1,1,188.0,1.0,q1_q17_dr25_tce,11111111111111111000000000000000,0.1322,Mandel and Agol (2002 ApJ 580 171),,,012/012020/012020329/dv/kplr012020329-20160209194854_dvr.pdf,012/012020/012020329/dv/kplr012020329-001-20160209194854_dvs.pdf,5485.0,4.556,0.21,0.867,0.986,,q1_q17_dr25_stellar,295.45529,50.49456,15.08,15.69,14.996,14.819,14.745,13.732,13.402,13.26,0.0,19.6970261,50.49465,0.234,0.323,0.00066,0.00064,-0.054,-0.065,0.085,0.008,-0.134,0.134
67,68,12066335,K00784.01,Kepler-231 c,CONFIRMED,Done,2018-08-16,CANDIDATE,1.0,0,0,0,0,q1_q17_dr25_sup_koi,NO_COMMENT,19.27153892,186.77093,2455019.771,0.0,,0.031,2.7594,,1219.8,0.031585,8.48241,LS+MCMC,1.93,0.1171,89.97,393.0,5.66,55.02,Claret (2011 A&A 529 75) ATLAS LS,0.0,0.0,0.2589,0.4639,q1_q17_dr25_koi,6.437265,28.490973,37.1,2,67.0,1.0,q1_q17_dr25_tce,11111111111111111000000000000000,0.8388,Mandel and Agol (2002 ApJ 580 171),,,012/012066/012066335/dv/kplr012066335-20160209194854_dvr.pdf,012/012066/012066335/dv/kplr012066335-001-20160209194854_dvs.pdf,4077.0,4.702,-0.24,0.56,0.576,,q1_q17_dr25_stellar,293.97336,50.53191,15.385,16.618,15.383,14.857,14.592,13.405,12.775,12.589,0.0,19.598247,50.53192,0.78,0.05,-0.00076,0.00145,0.2,-0.17,0.26,0.28,-0.23,0.36
68,69,12066335,K00784.02,Kepler-231 b,CONFIRMED,Done,2018-08-16,CANDIDATE,1.0,0,0,0,0,q1_q17_dr25_sup_koi,NO_COMMENT,10.06524317,136.28906,2454969.289,0.0,,0.628,1.369,,1053.3,0.031153,18.09666,LS+MCMC,1.91,0.076,89.22,488.0,13.43,45.9,Claret (2011 A&A 529 75) ATLAS LS,0.0,0.0,0.2589,0.4639,q1_q17_dr25_koi,5.446764,21.658537,30.3,2,126.0,2.0,q1_q17_dr25_tce,11111111111111111000000000000000,0.0088,Mandel and Agol (2002 ApJ 580 171),,,012/012066/012066335/dv/kplr012066335-20160209194854_dvr.pdf,012/012066/012066335/dv/kplr012066335-002-20160209194854_dvs.pdf,4077.0,4.702,-0.24,0.56,0.576,,q1_q17_dr25_stellar,293.97336,50.53191,15.385,16.618,15.383,14.857,14.592,13.405,12.775,12.589,0.0,19.598212,50.53192,-0.42,0.02,0.00053,0.00116,0.11,-0.23,0.25,0.17,-0.23,0.28
69,70,12070811,K00785.01,Kepler-679 b,CONFIRMED,Done,2018-08-16,CANDIDATE,1.0,0,0,0,0,q1_q17_dr25_sup_koi,NO_COMMENT,12.3935651,178.74725,2455011.747,0.0,,0.883,3.8896,,916.6,0.032536,0.27483,LS+MCMC,2.66,0.0983,86.13,677.0,49.68,13.07,Claret (2011 A&A 529 75) ATLAS LS,0.0,0.0,0.2665,0.398,q1_q17_dr25_koi,5.6057496,31.608551,35.8,1,107.0,1.0,q1_q17_dr25_tce,11111111111111111000000000000000,0.8571,Mandel and Agol (2002 ApJ 580 171),,,012/012070/012070811/dv/kplr012070811-20160209194854_dvr.pdf,012/012070/012070811/dv/kplr012070811-001-20160209194854_dvs.pdf,5557.0,4.603,-0.4,0.75,0.832,,q1_q17_dr25_stellar,296.02133,50.56778,15.505,16.079,15.474,15.258,15.177,14.196,13.783,13.692,0.758,19.73476,50.56789,0.13,0.39,0.00019,0.00011,-0.17,-0.04,0.17,-0.16,0.09,0.18
70,71,8395660,K00116.02,Kepler-106 e,CONFIRMED,Done,2018-08-16,CANDIDATE,0.998,0,0,0,0,q1_q17_dr25_sup_koi,NO_COMMENT,43.84439721,151.93538,2454984.935,0.0,,0.852,6.802,,615.2,0.025934,0.22039,LS+MCMC,2.87,0.2395,88.27,531.0,18.77,28.2,Claret (2011 A&A 529 75) ATLAS LS,0.0,0.0,0.2676,0.3928,q1_q17_dr25_koi,16.554466,65.59482,83.7,4,29.0,2.0,q1_q17_dr25_tce,11111111111111111000000000000000,0.9647,Mandel and Agol (2002 ApJ 580 171),,,008/008395/008395660/dv/kplr008395660-20160209194854_dvr.pdf,008/008395/008395660/dv/kplr008395660-002-20160209194854_dvs.pdf,5854.0,4.406,-0.12,1.012,0.951,,q1_q17_dr25_stellar,300.86398,44.337551,12.882,13.293,12.85,12.706,12.646,11.752,11.494,11.431,0.012,20.057603,44.337553,0.19,0.01,0.0002,0.00012,0.12,-0.2,0.23,0.21,-0.03,0.22
73,74,3342970,K00800.01,Kepler-234 b,CONFIRMED,Done,2018-08-16,CANDIDATE,1.0,0,0,0,0,q1_q17_dr25_sup_koi,NO_COMMENT,2.711504086,170.03417,2455003.034,0.0,,0.023,3.0099,,837.5,0.026533,0.91618,LS+MCMC,3.12,0.0401,89.81,1420.0,960.79,7.088,Claret (2011 A&A 529 75) ATLAS LS,0.0,0.0,0.3024,0.3288,q1_q17_dr25_koi,6.3430967,48.726124,64.5,2,494.0,1.0,q1_q17_dr25_tce,11111111111111111000000000000000,0.228,Mandel and Agol (2002 ApJ 580 171),,,003/003342/003342970/dv/kplr003342970-20160209194854_dvr.pdf,003/003342/003342970/dv/kplr003342970-001-20160209194854_dvs.pdf,6214.0,4.442,0.07,1.076,1.169,,q1_q17_dr25_stellar,291.65353,38.494659,15.541,16.007,15.483,15.341,15.262,14.387,14.104,14.065,0.0,19.4435779,38.494748,0.42,0.32,-0.00037,-0.0003,-0.02,0.05,0.05,0.02,0.1,0.104
74,75,3342970,K00800.02,Kepler-234 c,CONFIRMED,Done,2018-08-16,CANDIDATE,1.0,0,0,0,0,q1_q17_dr25_sup_koi,NO_COMMENT,7.21203748,172.81782,2455005.818,0.0,,0.012,4.0491,,950.4,0.028255,0.99867,LS+MCMC,3.32,0.077,89.95,1025.0,260.58,14.003,Claret (2011 A&A 529 75) ATLAS LS,0.0,0.0,0.3024,0.3288,q1_q17_dr25_koi,6.1683164,40.04205,51.5,2,165.0,2.0,q1_q17_dr25_tce,11111111111111111000000000000000,0.3431,Mandel and Agol (2002 ApJ 580 171),,,003/003342/003342970/dv/kplr003342970-20160209194854_dvr.pdf,003/003342/003342970/dv/kplr003342970-002-20160209194854_dvs.pdf,6214.0,4.442,0.07,1.076,1.169,,q1_q17_dr25_stellar,291.65353,38.494659,15.541,16.007,15.483,15.341,15.262,14.387,14.104,14.065,0.0,19.4435697,38.494886,0.07,0.81,-0.00011,-0.00083,0.05,0.07,0.09,0.07,0.19,0.2
76,77,12470844,K00790.01,Kepler-233 b,CONFIRMED,Done,2018-08-16,CANDIDATE,1.0,0,0,0,0,q1_q17_dr25_sup_koi,NO_COMMENT,8.47237911,174.16212,2455007.162,0.0,,0.022,2.7245,,1123.5,0.030119,3.86328,LS+MCMC,2.59,0.0778,89.95,751.0,75.44,24.47,Claret (2011 A&A 529 75) ATLAS LS,0.0,0.0,0.2043,0.4966,q1_q17_dr25_koi,5.7419868,39.867977,47.6,2,159.0,1.0,q1_q17_dr25_tce,11111111111111111000000000000000,0.9241,Mandel and Agol (2002 ApJ 580 171),,,012/012470/012470844/dv/kplr012470844-20160209194854_dvr.pdf,012/012470/012470844/dv/kplr012470844-001-20160209194854_dvs.pdf,5354.0,4.587,-0.08,0.788,0.884,,q1_q17_dr25_stellar,296.36652,51.319519,15.339,15.945,15.271,15.079,14.978,14.006,13.555,13.453,0.046,19.7578029,51.31958,1.18,0.22,-0.00048,0.00037,-0.148,0.09,0.17,-0.097,0.04,0.106
77,78,12470844,K00790.02,Kepler-233 c,CONFIRMED,Done,2018-08-16,CANDIDATE,0.989,0,0,0,0,q1_q17_dr25_sup_koi,NO_COMMENT,60.4189369,181.16367,2455014.164,0.0,,0.094,5.039,,931.3,0.027422,4.26444,LS+MCMC,2.36,0.2884,89.94,390.0,5.49,93.71,Claret (2011 A&A 529 75) ATLAS LS,0.0,0.0,0.2043,0.4966,q1_q17_dr25_koi,6.335456,15.139797,20.1,2,22.0,2.0,q1_q17_dr25_tce,11111111111111111000000000000000,0.6244,Mandel and Agol (2002 ApJ 580 171),,,012/012470/012470844/dv/kplr012470844-20160209194854_dvr.pdf,012/012470/012470844/dv/kplr012470844-002-20160209194854_dvs.pdf,5354.0,4.587,-0.08,0.788,0.884,,q1_q17_dr25_stellar,296.36652,51.319519,15.339,15.945,15.271,15.079,14.978,14.006,13.555,13.453,0.424,19.757766,51.31959,-0.06,0.26,0.0007,0.00025,0.0,0.53,0.53,0.09,0.46,0.46
78,79,12644822,K00791.01,Kepler-682 b,CONFIRMED,Done,2018-08-16,CANDIDATE,1.0,0,0,0,0,q1_q17_dr25_sup_koi,NO_COMMENT,12.611904345,180.892284,2455013.892,0.0,,0.55,5.1497,,6105.6,0.073758,0.61222,LS+MCMC,7.4,0.1058,88.17,753.0,76.15,17.27,Claret (2011 A&A 529 75) ATLAS LS,0.0,0.0,0.2622,0.4035,q1_q17_dr25_koi,31.536423,207.6196,277.2,1,104.0,1.0,q1_q17_dr25_tce,11111111111111111000000000000000,0.0586,Mandel and Agol (2002 ApJ 580 171),,,012/012644/012644822/dv/kplr012644822-20160209194854_dvr.pdf,012/012644/012644822/dv/kplr012644822-001-20160209194854_dvs.pdf,5795.0,4.508,-0.02,0.919,0.992,,q1_q17_dr25_stellar,289.11221,51.737381,15.14,15.659,15.072,14.918,14.825,13.942,13.546,13.478,0.0,19.2741411,51.737685,-0.232,1.099,0.00117,0.00148,-0.065,-0.058,0.087,-0.033,-0.017,0.037
81,82,2713049,K00794.01,Kepler-683 b,CONFIRMED,Done,2018-08-16,CANDIDATE,1.0,0,0,0,0,q1_q17_dr25_sup_koi,NO_COMMENT,2.539183147,169.67494,2455002.675,0.0,,0.238,2.4282,,382.1,0.017724,1.46261,LS+MCMC,2.06,0.0355,88.28,1332.0,743.09,7.93,Claret (2011 A&A 529 75) ATLAS LS,0.0,0.0,0.2291,0.4603,q1_q17_dr25_koi,4.680462,34.037075,38.9,1,528.0,1.0,q1_q17_dr25_tce,11111111111111111000000000000000,0.2119,Mandel and Agol (2002 ApJ 580 171),,,002/002713/002713049/dv/kplr002713049-20160209194854_dvr.pdf,002/002713/002713049/dv/kplr002713049-001-20160209194854_dvs.pdf,5519.0,4.35,0.14,1.062,0.921,,q1_q17_dr25_stellar,291.43997,37.905659,15.026,15.535,14.987,14.808,14.762,13.812,13.465,13.358,0.085,19.4293279,37.90564,-0.18,-0.06,3e-05,-0.00019,0.15,0.21,0.26,0.1,0.25,0.26
82,83,3114167,K00795.01,Kepler-684 b,CONFIRMED,Done,2018-08-16,CANDIDATE,1.0,0,0,0,0,q1_q17_dr25_sup_koi,NO_COMMENT,6.770300385,170.57662,2455003.577,0.0,,0.838,2.0844,,1304.0,0.037414,1.45164,LS+MCMC,2.77,0.064,86.84,812.0,102.87,15.21,Claret (2011 A&A 529 75) ATLAS LS,0.0,0.0,0.308,0.3117,q1_q17_dr25_koi,6.5691905,43.840405,50.8,1,200.0,1.0,q1_q17_dr25_tce,11111111111111111000000000000000,0.9274,Mandel and Agol (2002 ApJ 580 171),,,003/003114/003114167/dv/kplr003114167-20160209194854_dvr.pdf,003/003114/003114167/dv/kplr003114167-001-20160209194854_dvs.pdf,5653.0,4.656,-0.84,0.679,0.767,,q1_q17_dr25_stellar,290.87051,38.273628,15.591,16.126,15.562,15.362,15.258,14.318,13.91,13.828,0.005,19.3913608,38.273428,-0.31,-0.73,0.0002,0.00057,0.09,0.065,0.11,0.05,-0.018,0.05
84,85,3115833,K00797.01,,CANDIDATE,Done,2018-08-16,CANDIDATE,1.0,0,0,0,0,q1_q17_dr25_sup_koi,NO_COMMENT,10.181584004,177.141891,2455010.142,0.0,,0.92,3.5089,,5741.1,0.084708,0.38059,LS+MCMC,7.73,0.0884,85.87,812.0,102.91,12.776,Claret (2011 A&A 529 75) ATLAS LS,0.0,0.0,0.2979,0.3238,q1_q17_dr25_koi,27.099031,173.09894,183.6,1,129.0,1.0,q1_q17_dr25_tce,01111111111111111000000000000000,0.5397,Mandel and Agol (2002 ApJ 580 171),,,003/003115/003115833/dv/kplr003115833-20160209194854_dvr.pdf,003/003115/003115833/dv/kplr003115833-001-20160209194854_dvs.pdf,5988.0,4.541,-0.52,0.836,0.885,,q1_q17_dr25_stellar,291.28195,38.241669,15.657,16.162,15.621,15.441,15.32,14.408,14.036,13.939,0.021,19.4187924,38.241643,-0.151,-0.099,0.0008,-0.0003,0.004,0.008,0.009,-0.062,0.06,0.087
85,86,4139816,K00812.02,Kepler-235 d,CONFIRMED,Done,2018-08-16,CANDIDATE,1.0,0,0,0,0,q1_q17_dr25_sup_koi,NO_COMMENT,20.06036336,147.46554,2454980.466,0.0,,0.556,3.3203,,1494.7,0.036455,3.09445,LS+MCMC,1.96,0.115,89.21,361.0,4.0,40.4,Claret (2011 A&A 529 75) ATLAS LS,0.0,0.0,0.4175,0.2365,q1_q17_dr25_koi,7.1802754,27.241827,35.2,4,59.0,2.0,q1_q17_dr25_tce,11111111111111111000000000000000,0.7533,Mandel and Agol (2002 ApJ 580 171),,,004/004139/004139816/dv/kplr004139816-20160209194854_dvr.pdf,004/004139/004139816/dv/kplr004139816-002-20160209194854_dvs.pdf,3950.0,4.754,-0.46,0.493,0.502,,q1_q17_dr25_stellar,286.07913,39.27832,15.954,17.187,15.978,15.425,15.103,13.952,13.278,13.116,0.016,19.0719547,39.27833,0.56,0.04,-0.00124,-0.0001,0.0,-0.03,0.03,-0.18,-0.15,0.23
86,87,4139816,K00812.03,Kepler-235 e,CONFIRMED,Done,2018-08-16,CANDIDATE,1.0,0,0,0,0,q1_q17_dr25_sup_koi,NO_COMMENT,46.1842039,165.23729,2454998.237,0.0,,0.013,4.758,,1394.7,0.033974,3.99779,LS+MCMC,1.83,0.2005,89.99,273.0,1.32,76.67,Claret (2011 A&A 529 75) ATLAS LS,0.0,0.0,0.4175,0.2365,q1_q17_dr25_koi,6.2605453,18.020908,26.0,4,25.0,3.0,q1_q17_dr25_tce,11111111111111111000000000000000,0.8358,Mandel and Agol (2002 ApJ 580 171),,,004/004139/004139816/dv/kplr004139816-20160209194854_dvr.pdf,004/004139/004139816/dv/kplr004139816-003-20160209194854_dvs.pdf,3950.0,4.754,-0.46,0.493,0.502,,q1_q17_dr25_stellar,286.07913,39.27832,15.954,17.187,15.978,15.425,15.103,13.952,13.278,13.116,0.006,19.071943,39.27801,0.08,-1.12,-0.00044,0.00144,-0.07,0.04,0.08,-0.25,-0.06,0.26
87,88,8395660,K00116.04,Kepler-106 d,CONFIRMED,Done,2018-08-16,CANDIDATE,0.952,0,0,0,0,q1_q17_dr25_sup_koi,NO_COMMENT,23.9800854,147.537,2454980.537,0.0,,0.95,5.351,,104.0,0.011879,0.05654,LS+MCMC,1.31,0.1602,85.45,649.0,41.94,11.98,Claret (2011 A&A 529 75) ATLAS LS,0.0,0.0,0.2676,0.3928,q1_q17_dr25_koi,4.1784496,10.87813,17.1,4,56.0,4.0,q1_q17_dr25_tce,11111111111111111000000000000000,0.9971,Mandel and Agol (2002 ApJ 580 171),,,008/008395/008395660/dv/kplr008395660-20160209194854_dvr.pdf,008/008395/008395660/dv/kplr008395660-004-20160209194854_dvs.pdf,5854.0,4.406,-0.12,1.012,0.951,,q1_q17_dr25_stellar,300.86398,44.337551,12.882,13.293,12.85,12.706,12.646,11.752,11.494,11.431,0.096,20.05763,44.33791,1.2,1.28,-7e-05,-0.000102,0.1,-0.62,0.64,0.3,-0.46,0.53
88,89,4139816,K00812.04,Kepler-235 c,CONFIRMED,Done,2018-08-16,CANDIDATE,0.994,0,0,0,0,q1_q17_dr25_sup_koi,NO_COMMENT,7.82502168,136.54995,2454969.55,0.0,,0.708,2.186,,520.8,0.022312,2.54508,LS+MCMC,1.2,0.0614,87.99,494.0,14.05,20.2,Claret (2011 A&A 529 75) ATLAS LS,0.0,0.0,0.4175,0.2365,q1_q17_dr25_koi,3.8379083,12.582854,15.9,4,154.0,4.0,q1_q17_dr25_tce,11111111111111111000000000000000,0.251,Mandel and Agol (2002 ApJ 580 171),,,004/004139/004139816/dv/kplr004139816-20160209194854_dvr.pdf,004/004139/004139816/dv/kplr004139816-004-20160209194854_dvs.pdf,3950.0,4.754,-0.46,0.493,0.502,,q1_q17_dr25_stellar,286.07913,39.27832,15.954,17.187,15.978,15.425,15.103,13.952,13.278,13.116,0.048,19.07197,39.27813,1.18,-0.7,-0.00071,0.00031,0.31,-0.45,0.55,0.11,-0.58,0.59
89,90,4275191,K00813.01,Kepler-688 b,CONFIRMED,Done,2018-08-16,CANDIDATE,1.0,0,0,0,0,q1_q17_dr25_sup_koi,NO_COMMENT,3.895936525,170.527552,2455003.528,0.0,,0.524,2.3111,,8544.8,0.08689,2.31292,LS+MCMC,7.34,0.046,87.56,1005.0,241.62,12.29,Claret (2011 A&A 529 75) ATLAS LS,0.0,0.0,0.2521,0.421,q1_q17_dr25_koi,35.58241,375.5263,370.8,1,275.0,1.0,q1_q17_dr25_tce,11111011101110111000000000000000,0.1164,Mandel and Agol (2002 ApJ 580 171),,,004/004275/004275191/dv/kplr004275191-20160209194854_dvr.pdf,004/004275/004275191/dv/kplr004275191-001-20160209194854_dvs.pdf,5557.0,4.592,-0.3,0.774,0.866,,q1_q17_dr25_stellar,294.65524,39.308361,15.725,16.318,15.676,15.471,15.299,14.364,13.969,13.924,0.0,19.6436833,39.308328,0.026,-0.115,0.00211,-0.00111,-0.246,0.238,0.342,-0.01,-0.012,0.016
90,91,4476123,K00814.01,Kepler-689 b,CONFIRMED,Done,2018-08-16,CANDIDATE,0.999,0,0,0,0,q1_q17_dr25_sup_koi,NO_COMMENT,22.36646466,175.45862,2455008.459,0.0,,0.4,5.228,,986.8,0.028938,1.12517,LS+MCMC,2.32,0.1449,89.26,536.0,19.45,31.0,Claret (2011 A&A 529 75) ATLAS LS,0.0,0.0,0.2521,0.421,q1_q17_dr25_koi,6.2514634,25.599396,32.1,1,48.0,1.0,q1_q17_dr25_tce,11111011101110111000000000000000,0.4848,Mandel and Agol (2002 ApJ 580 171),,,004/004476/004476123/dv/kplr004476123-20160209194854_dvr.pdf,004/004476/004476123/dv/kplr004476123-001-20160209194854_dvs.pdf,5395.0,4.615,-0.34,0.734,0.821,,q1_q17_dr25_stellar,294.71063,39.52174,15.583,16.2,15.535,15.318,15.201,14.236,13.849,13.714,0.799,19.647371,39.52165,-0.15,-0.33,0.00016,-0.00016,0.08,-0.09,0.12,0.09,-0.21,0.23
91,92,3351888,K00801.01,Kepler-685 b,CONFIRMED,Done,2018-08-16,CANDIDATE,1.0,0,0,0,0,q1_q17_dr25_sup_koi,NO_COMMENT,1.625522174,170.8266564,2455003.827,0.0,,0.076,2.38963,,7969.0,0.080543,1.28198,LS+MCMC,9.73,0.0265,89.22,1579.0,1467.41,5.6364,Claret (2011 A&A 529 75) ATLAS LS,0.0,0.0,0.224,0.4695,q1_q17_dr25_koi,43.135384,712.5235,799.7,1,657.0,1.0,q1_q17_dr25_tce,11111011101110111000000000000000,0.254,Mandel and Agol (2002 ApJ 580 171),,,003/003351/003351888/dv/kplr003351888-20160209194854_dvr.pdf,003/003351/003351888/dv/kplr003351888-001-20160209194854_dvs.pdf,5539.0,4.322,0.16,1.106,0.935,,q1_q17_dr25_stellar,293.87192,38.422939,15.001,15.595,14.923,14.746,14.625,13.656,13.355,13.307,0.0,19.59146547,38.4227927,0.147,-0.53,-0.00134,-0.00226,0.01,0.195,0.195,-0.037,-0.01,0.038
92,93,3453214,K00802.01,,CANDIDATE,Done,2018-08-16,CANDIDATE,1.0,0,0,0,0,q1_q17_dr25_sup_koi,CENT_KIC_POS,19.620346923,181.881819,2455014.882,0.0,,0.458,2.0038,,21725.0,0.137595,23.21659,LS+MCMC,13.6,0.1389,89.66,643.0,40.39,77.9,Claret (2011 A&A 529 75) ATLAS LS,0.0,0.0,0.2676,0.3928,q1_q17_dr25_koi,73.60154,353.8584,340.5,1,52.0,1.0,q1_q17_dr25_tce,11111011101110111000000000000000,0.3063,Mandel and Agol (2002 ApJ 580 171),,,003/003453/003453214/dv/kplr003453214-20160209194854_dvr.pdf,003/003453/003453214/dv/kplr003453214-001-20160209194854_dvs.pdf,5710.0,4.492,-0.1,0.905,0.928,,q1_q17_dr25_stellar,293.81619,38.563568,15.562,16.07,15.519,15.344,15.269,14.364,13.996,13.894,0.0,19.58774067,38.5634145,-0.225,-0.56,-0.0108,-0.0133,0.656,0.634,0.913,0.056,0.057,0.08
94,95,3641726,K00804.01,Kepler-1727 b,CONFIRMED,Done,2018-08-16,CANDIDATE,1.0,0,0,0,0,q1_q17_dr25_sup_koi,NO_COMMENT,9.02930689,177.20422,2455010.204,0.0,,0.024,3.1449,,1019.8,0.028718,2.66613,LS+MCMC,2.57,0.0796,89.94,757.0,77.75,22.57,Claret (2011 A&A 529 75) ATLAS LS,0.0,0.0,0.2043,0.4966,q1_q17_dr25_koi,7.610865,47.37303,53.9,1,146.0,1.0,q1_q17_dr25_tce,11111111111111111000000000000000,0.894,Mandel and Agol (2002 ApJ 580 171),,,003/003641/003641726/dv/kplr003641726-20160209194854_dvr.pdf,003/003641/003641726/dv/kplr003641726-001-20160209194854_dvs.pdf,5349.0,4.526,-0.12,0.82,0.824,,q1_q17_dr25_stellar,290.33362,38.72823,15.387,16.037,15.302,15.108,14.931,13.931,13.479,13.429,0.097,19.3555667,38.728308,-0.36,0.28,-0.00038,-6e-05,0.23,0.18,0.29,-0.08,0.29,0.3
96,97,3832474,K00806.01,Kepler-30 d,CONFIRMED,Done,2018-08-16,CANDIDATE,1.0,0,0,0,0,q1_q17_dr25_sup_koi,NO_COMMENT,143.2063047,154.23552,2454987.236,0.0,,0.379,8.9302,,10566.0,0.094044,1.83449,LS+MCMC,8.9,0.5336,89.83,308.0,2.14,125.8,Claret (2011 A&A 529 75) ATLAS LS,0.0,0.0,0.224,0.4695,q1_q17_dr25_koi,45.13809,115.57215,138.8,5,9.0,2.0,q1_q17_dr25_tce,11111111111111111000000000000000,-1.0,Mandel and Agol (2002 ApJ 580 171),,,003/003832/003832474/dv/kplr003832474-20160209194854_dvr.pdf,003/003832/003832474/dv/kplr003832474-002-20160209194854_dvs.pdf,5485.0,4.556,0.21,0.867,0.986,,q1_q17_dr25_stellar,285.28363,38.947281,15.403,16.048,15.349,15.126,15.017,13.997,13.618,13.581,0.081,19.0189038,38.947157,-0.232,-0.442,-0.0003,0.0009,-0.031,-0.042,0.052,0.031,-0.032,0.044
97,98,8395660,K00116.03,Kepler-106 b,CONFIRMED,Done,2018-08-16,CANDIDATE,0.95,0,0,0,0,q1_q17_dr25_sup_koi,NO_COMMENT,6.164876,135.63916,2454968.639,0.0,,0.646,3.262,,55.8,0.007192,0.69664,LS+MCMC,0.79,0.0648,86.69,1021.0,256.35,11.19,Claret (2011 A&A 529 75) ATLAS LS,0.0,0.0,0.2676,0.3928,q1_q17_dr25_koi,2.6950479,11.552998,14.4,4,207.0,3.0,q1_q17_dr25_tce,11111111111111111000000000000000,0.6301,Mandel and Agol (2002 ApJ 580 171),,,008/008395/008395660/dv/kplr008395660-20160209194854_dvr.pdf,008/008395/008395660/dv/kplr008395660-003-20160209194854_dvs.pdf,5854.0,4.406,-0.12,1.012,0.951,,q1_q17_dr25_stellar,300.86398,44.337551,12.882,13.293,12.85,12.706,12.646,11.752,11.494,11.431,0.567,20.057606,44.33745,0.3,-0.34,1.2e-05,3e-05,-0.8,-0.22,0.8,-0.7,-0.04,0.7
98,99,3832474,K00806.02,Kepler-30 c,CONFIRMED,Done,2018-08-16,CANDIDATE,0.745,0,0,0,0,q1_q17_dr25_sup_koi,NO_COMMENT,60.32494216,243.892578,2455076.893,0.0,,0.224,6.6188,,20280.0,0.128744,2.37656,LS+MCMC,12.19,0.2998,89.83,411.0,6.77,77.04,Claret (2011 A&A 529 75) ATLAS LS,0.0,0.0,0.224,0.4695,q1_q17_dr25_koi,88.82677,323.38303,347.2,5,22.0,1.0,q1_q17_dr25_tce,11111111111111111000000000000000,0.0005,Mandel and Agol (2002 ApJ 580 171),,,003/003832/003832474/dv/kplr003832474-20160209194854_dvr.pdf,003/003832/003832474/dv/kplr003832474-001-20160209194854_dvs.pdf,5485.0,4.556,0.21,0.867,0.986,,q1_q17_dr25_stellar,285.28363,38.947281,15.403,16.048,15.349,15.126,15.017,13.997,13.618,13.581,0.051,19.01890178,38.9471811,-0.316,-0.356,0.0011,0.0,-0.01,0.012,0.016,0.065,0.042,0.078
99,100,3832474,K00806.03,Kepler-30 b,CONFIRMED,Done,2018-08-16,CANDIDATE,,0,0,0,0,q1_q17_dr25_sup_koi,,29.1598615,150.69922,2454983.699,0.0,,0.3619,4.803,,488.0,0.02018,1.92739,MCMC,1.91,0.1847,89.38,524.0,17.85,44.2,Claret (2011 A&A 529 75) ATLAS LS,0.0,0.0,0.2209,0.4742,q1_q16_koi,,,11.6,5,,,,,,Mandel and Agol (2002 ApJ 580 171),,,,,5485.0,4.556,0.21,0.867,0.986,,stellar_q1_q16,285.28363,38.947281,15.403,16.048,15.349,15.126,15.017,13.997,13.618,13.581,,,,,,,,,,,,,
102,103,3935914,K00809.01,Kepler-686 b,CONFIRMED,Done,2018-08-16,CANDIDATE,1.0,0,0,0,0,q1_q17_dr25_sup_koi,NO_COMMENT,1.594745374,170.6483505,2455003.648,0.0,,0.514,1.9604,,15044.0,0.115879,1.77544,LS+MCMC,11.3,0.0258,85.25,1539.0,1329.42,6.203,Claret (2011 A&A 529 75) ATLAS LS,0.0,0.0,0.2965,0.3342,q1_q17_dr25_koi,62.03516,1015.921,1009.3,1,762.0,1.0,q1_q17_dr25_tce,01101111111111111000000000000000,1.0,Mandel and Agol (2002 ApJ 580 171),,,003/003935/003935914/dv/kplr003935914-20160209194854_dvr.pdf,003/003935/003935914/dv/kplr003935914-001-20160209194854_dvs.pdf,5934.0,4.491,-0.38,0.893,0.901,,q1_q17_dr25_stellar,285.21381,39.027481,15.53,16.028,15.49,15.316,15.2,14.35,13.941,13.917,0.0,19.0142466,39.0273461,-0.31,-0.482,-0.0009,0.0006,0.009,-0.004,0.01,0.024,0.013,0.027
103,104,3940418,K00810.01,Kepler-1728 b,CONFIRMED,Done,2018-08-16,CANDIDATE,1.0,0,0,0,0,q1_q17_dr25_sup_koi,NO_COMMENT,4.783002698,170.508434,2455003.508,0.0,,0.003,2.335,,1008.7,0.028315,3.45234,LS+MCMC,2.5,0.0535,89.99,886.0,145.48,16.102,Claret (2011 A&A 529 75) ATLAS LS,0.0,0.0,0.186,0.5256,q1_q17_dr25_koi,7.252221,57.638233,70.6,1,281.0,1.0,q1_q17_dr25_tce,11111111111111111000000000000000,0.5746,Mandel and Agol (2002 ApJ 580 171),,,003/003940/003940418/dv/kplr003940418-20160209194854_dvr.pdf,003/003940/003940418/dv/kplr003940418-001-20160209194854_dvs.pdf,5170.0,4.574,0.18,0.807,0.891,,q1_q17_dr25_stellar,287.09399,39.060719,15.119,15.847,15.037,14.808,14.681,13.643,13.232,13.203,0.282,19.1396047,39.060762,0.2,0.15,-0.00022,2e-05,0.034,0.001,0.034,0.058,0.239,0.25
104,105,4049131,K00811.01,Kepler-687 b,CONFIRMED,Done,2018-08-16,CANDIDATE,1.0,0,0,0,0,q1_q17_dr25_sup_koi,NO_COMMENT,20.50588921,181.43428,2455014.434,0.0,,0.26,4.0595,,2105.5,0.041039,2.64998,LS+MCMC,3.41,0.1326,89.62,518.0,17.06,38.91,Claret (2011 A&A 529 75) ATLAS LS,0.0,0.0,0.153,0.5684,q1_q17_dr25_koi,12.827003,70.729904,78.5,1,69.0,1.0,q1_q17_dr25_tce,11111111111111111000000000000000,0.0106,Mandel and Agol (2002 ApJ 580 171),,,004/004049/004049131/dv/kplr004049131-20160209194854_dvr.pdf,004/004049/004049131/dv/kplr004049131-001-20160209194854_dvs.pdf,4905.0,4.544,-0.04,0.761,0.739,,q1_q17_dr25_stellar,289.31543,39.153278,15.398,16.241,15.343,15.036,14.877,13.842,13.251,13.216,0.722,19.2876948,39.153251,-0.05,-0.1,0.00013,0.0001,-0.046,0.01,0.047,0.004,0.108,0.108
105,106,4139816,K00812.01,Kepler-235 b,CONFIRMED,Done,2018-08-16,CANDIDATE,1.0,0,0,0,0,q1_q17_dr25_sup_koi,NO_COMMENT,3.340218842,171.979062,2455004.979,0.0,,0.466,1.9104,,1632.6,0.037683,3.23586,LS+MCMC,2.03,0.0348,87.85,656.0,43.73,12.4,Claret (2011 A&A 529 75) ATLAS LS,0.0,0.0,0.4175,0.2365,q1_q17_dr25_koi,8.777286,58.181076,71.6,4,398.0,1.0,q1_q17_dr25_tce,11111111111111111000000000000000,0.4776,Mandel and Agol (2002 ApJ 580 171),,,004/004139/004139816/dv/kplr004139816-20160209194854_dvr.pdf,004/004139/004139816/dv/kplr004139816-001-20160209194854_dvs.pdf,3950.0,4.754,-0.46,0.493,0.502,,q1_q17_dr25_stellar,286.07913,39.27832,15.954,17.187,15.978,15.425,15.103,13.952,13.278,13.116,0.058,19.0719273,39.278333,-0.59,0.05,0.00053,-0.00013,0.026,0.05,0.06,-0.15,-0.039,0.154
107,108,5358241,K00829.01,Kepler-53 b,CONFIRMED,Done,2018-08-16,CANDIDATE,1.0,0,0,0,0,q1_q17_dr25_sup_koi,NO_COMMENT,18.64932728,174.771,2455007.771,0.0,,0.08,4.4056,,893.6,0.027096,1.97596,LS+MCMC,3.12,0.139,89.86,701.0,57.13,33.12,Claret (2011 A&A 529 75) ATLAS LS,0.0,0.0,0.2555,0.4191,q1_q17_dr25_koi,7.871079,36.000114,46.1,3,71.0,1.0,q1_q17_dr25_tce,11111111111111111000000000000000,0.0683,Mandel and Agol (2002 ApJ 580 171),,,005/005358/005358241/dv/kplr005358241-20160209194854_dvr.pdf,005/005358/005358241/dv/kplr005358241-001-20160209194854_dvs.pdf,5775.0,4.405,0.16,1.053,1.026,,q1_q17_dr25_stellar,290.46176,40.562462,15.386,15.867,15.354,15.179,15.139,14.252,13.906,13.807,0.0,19.3641148,40.562512,-0.13,0.19,-0.00068,0.00041,0.42,-0.37,0.56,0.14,0.1,0.17
108,109,10875245,K00117.02,Kepler-107 c,CONFIRMED,Done,2018-08-16,CANDIDATE,1.0,0,0,0,0,q1_q17_dr25_sup_koi,CENT_CROWDED,4.90144976,138.60548,2454971.605,0.0,,0.529,4.1654,,140.7,0.011136,0.3709,LS+MCMC,1.7,0.0586,86.1,1262.0,598.74,7.78,Claret (2011 A&A 529 75) ATLAS LS,0.0,0.0,0.257,0.4213,q1_q17_dr25_koi,5.743281,33.185894,50.6,4,193.0,3.0,q1_q17_dr25_tce,11111101110111011000000000000000,0.0464,Mandel and Agol (2002 ApJ 580 171),,,010/010875/010875245/dv/kplr010875245-20160209194854_dvr.pdf,010/010875/010875245/dv/kplr010875245-003-20160209194854_dvs.pdf,5847.0,4.191,0.26,1.402,1.113,,q1_q17_dr25_stellar,297.02826,48.208611,12.487,12.904,12.427,12.309,12.274,11.392,11.114,11.06,0.054,19.8018904,48.208693,0.26,0.3,-5.6e-05,-1.2e-05,-0.57,-0.15,0.59,-0.7,0.0,0.7
109,110,5358241,K00829.02,Kepler-53 d,CONFIRMED,Done,2018-08-16,CANDIDATE,0.998,0,0,0,0,q1_q17_dr25_sup_koi,NO_COMMENT,9.75192101,138.78608,2454971.786,0.0,,0.949,4.793,,418.0,0.024042,0.044,LS+MCMC,2.76,0.0902,80.97,870.0,135.66,6.05,Claret (2011 A&A 529 75) ATLAS LS,0.0,0.0,0.2555,0.4191,q1_q17_dr25_koi,4.4869766,24.258644,28.5,3,132.0,3.0,q1_q17_dr25_tce,11111111111111111000000000000000,0.3894,Mandel and Agol (2002 ApJ 580 171),,,005/005358/005358241/dv/kplr005358241-20160209194854_dvr.pdf,005/005358/005358241/dv/kplr005358241-003-20160209194854_dvs.pdf,5775.0,4.405,0.16,1.053,1.026,,q1_q17_dr25_stellar,290.46176,40.562462,15.386,15.867,15.354,15.179,15.139,14.252,13.906,13.807,0.482,19.364104,40.5626,-0.58,0.5,-0.00013,6e-05,0.16,0.03,0.16,-0.06,0.41,0.42
110,111,5358241,K00829.03,Kepler-53 c,CONFIRMED,Done,2018-08-16,CANDIDATE,1.0,0,0,0,0,q1_q17_dr25_sup_koi,NO_COMMENT,38.5576546,163.85063,2454996.851,0.0,,0.911,5.794,,993.0,0.03498,0.19756,LS+MCMC,4.02,0.2255,87.91,550.0,21.71,24.9,Claret (2011 A&A 529 75) ATLAS LS,0.0,0.0,0.2555,0.4191,q1_q17_dr25_koi,7.5526104,32.640865,39.7,3,37.0,2.0,q1_q17_dr25_tce,11111111111111111000000000000000,0.5868,Mandel and Agol (2002 ApJ 580 171),,,005/005358/005358241/dv/kplr005358241-20160209194854_dvr.pdf,005/005358/005358241/dv/kplr005358241-002-20160209194854_dvs.pdf,5775.0,4.405,0.16,1.053,1.026,,q1_q17_dr25_stellar,290.46176,40.562462,15.386,15.867,15.354,15.179,15.139,14.252,13.906,13.807,0.0,19.3641215,40.56244,0.14,-0.07,-0.00101,0.0007,0.47,-0.04,0.47,0.26,0.31,0.41
111,112,5358624,K00830.01,Kepler-428 b,CONFIRMED,Done,2018-08-16,CANDIDATE,0.99,0,0,0,0,q1_q17_dr25_sup_koi,NO_COMMENT,3.525632539,170.0479951,2455003.048,0.0,,0.12,2.59959,,22335.0,0.13372,2.43681,LS+MCMC,11.58,0.0431,89.41,975.0,213.12,11.699,Claret (2011 A&A 529 75) ATLAS LS,0.0,0.0,0.1914,0.5167,q1_q17_dr25_koi,162.61552,2078.4102,1996.7,1,382.0,1.0,q1_q17_dr25_tce,11111111111111111000000000000000,0.1434,Mandel and Agol (2002 ApJ 580 171),,,005/005358/005358624/dv/kplr005358624-20160209194854_dvr.pdf,005/005358/005358624/dv/kplr005358624-001-20160209194854_dvs.pdf,5150.0,4.572,0.08,0.793,0.855,,q1_q17_dr25_stellar,290.58173,40.5774,15.224,15.961,15.142,14.908,14.758,13.767,13.295,13.234,0.0,19.37211855,40.5773577,0.1332,-0.1522,-0.00196,0.006,-0.01,-0.052,0.053,0.032,-0.231,0.233
112,113,4544670,K00815.01,,CANDIDATE,Done,2018-08-16,CANDIDATE,1.0,0,0,0,0,q1_q17_dr25_sup_koi,NO_COMMENT,34.84398644,172.633252,2455005.633,0.0,,0.934,2.9315,,4523.6,0.080046,1.86832,LS+MCMC,7.61,0.1971,88.92,511.0,16.1,49.31,Claret (2011 A&A 529 75) ATLAS LS,0.0,0.0,0.2434,0.4341,q1_q17_dr25_koi,15.928789,75.6448,76.8,1,40.0,1.0,q1_q17_dr25_tce,11111111111111111000000000000000,0.1475,Mandel and Agol (2002 ApJ 580 171),,,004/004544/004544670/dv/kplr004544670-20160209194854_dvr.pdf,004/004544/004544670/dv/kplr004544670-001-20160209194854_dvs.pdf,5509.0,4.482,-0.16,0.871,0.84,,q1_q17_dr25_stellar,285.92001,39.624828,15.684,16.307,15.646,15.417,15.322,14.363,13.96,13.875,0.13,19.061339,39.624775,0.24,-0.2,-0.0012,-0.0001,0.074,0.004,0.074,-0.003,-0.271,0.271
113,114,4664847,K00816.01,Kepler-690 b,CONFIRMED,Done,2018-08-16,CANDIDATE,1.0,0,0,0,0,q1_q17_dr25_sup_koi,NO_COMMENT,7.748094239,174.997206,2455007.997,0.0,,0.517,3.5957,,2472.1,0.046615,1.06292,LS+MCMC,5.52,0.081,88.02,964.0,204.39,15.0,Claret (2011 A&A 529 75) ATLAS LS,0.0,0.0,0.2799,0.381,q1_q17_dr25_koi,13.618479,106.29421,113.2,1,133.0,1.0,q1_q17_dr25_tce,01111011101110111000000000000000,0.0761,Mandel and Agol (2002 ApJ 580 171),,,004/004664/004664847/dv/kplr004664847-20160209194854_dvr.pdf,004/004664/004664847/dv/kplr004664847-001-20160209194854_dvs.pdf,5973.0,4.439,0.36,1.085,1.181,,q1_q17_dr25_stellar,294.4899,39.771439,15.67,16.254,15.609,15.42,15.327,14.412,14.113,14.106,0.097,19.6326625,39.771406,0.11,-0.12,0.00054,-1e-05,-0.089,0.077,0.117,0.082,0.137,0.159
114,115,4725681,K00817.01,Kepler-236 c,CONFIRMED,Done,2018-08-16,CANDIDATE,1.0,0,0,0,0,q1_q17_dr25_sup_koi,NO_COMMENT,23.96793669,186.22182,2455019.222,0.0,,0.416,3.827,,1182.3,0.03141,3.03325,LS+MCMC,1.8,0.1322,89.47,329.0,2.77,45.2,Claret (2011 A&A 529 75) ATLAS LS,0.0,0.0,0.2575,0.4768,q1_q17_dr25_koi,5.809559,22.27284,27.5,2,43.0,1.0,q1_q17_dr25_tce,11110111011101110000000000000000,0.7252,Mandel and Agol (2002 ApJ 580 171),,,004/004725/004725681/dv/kplr004725681-20160209194854_dvr.pdf,004/004725/004725681/dv/kplr004725681-001-20160209194854_dvs.pdf,3747.0,4.728,0.1,0.524,0.536,,q1_q17_dr25_stellar,283.86639,39.898079,15.414,16.862,15.508,14.793,14.419,13.224,12.537,12.312,0.01,18.924412,39.89827,-0.55,0.67,0.00068,-0.00088,-0.23,0.05,0.23,-0.17,0.32,0.36
115,116,4725681,K00817.02,Kepler-236 b,CONFIRMED,Done,2018-08-16,CANDIDATE,0.995,0,0,0,0,q1_q17_dr25_sup_koi,NO_COMMENT,8.29561738,135.79284,2454968.793,0.0,,0.888,1.3421,,824.3,0.03178,4.18931,LS+MCMC,1.82,0.0652,87.95,469.0,11.39,24.8,Claret (2011 A&A 529 75) ATLAS LS,0.0,0.0,0.2575,0.4768,q1_q17_dr25_koi,3.484774,15.260293,17.9,2,119.0,2.0,q1_q17_dr25_tce,11110111011101110000000000000000,0.8214,Mandel and Agol (2002 ApJ 580 171),,,004/004725/004725681/dv/kplr004725681-20160209194854_dvr.pdf,004/004725/004725681/dv/kplr004725681-002-20160209194854_dvs.pdf,3747.0,4.728,0.1,0.524,0.536,,q1_q17_dr25_stellar,283.86639,39.898079,15.414,16.862,15.508,14.793,14.419,13.224,12.537,12.312,0.029,18.924422,39.89838,-0.13,1.06,0.00013,-0.00096,-0.33,0.5,0.6,-0.39,0.85,0.94
116,117,4913852,K00818.01,Kepler-691 b,CONFIRMED,Done,2018-08-16,CANDIDATE,1.0,0,0,0,0,q1_q17_dr25_sup_koi,CENT_KIC_POS,8.11437482,176.33968,2455009.34,0.0,,0.573,2.2736,,1558.0,0.037204,3.76716,LS+MCMC,2.1,0.0649,88.61,460.0,10.55,23.58,Claret (2011 A&A 529 75) ATLAS LS,0.0,0.0,0.2964,0.4262,q1_q17_dr25_koi,6.7459397,45.585175,56.4,1,167.0,1.0,q1_q17_dr25_tce,11111111111111111000000000000000,0.1566,Mandel and Agol (2002 ApJ 580 171),,,004/004913/004913852/dv/kplr004913852-20160209194854_dvr.pdf,004/004913/004913852/dv/kplr004913852-001-20160209194854_dvs.pdf,3692.0,4.753,0.28,0.517,0.553,,q1_q17_dr25_stellar,288.81201,40.033401,15.877,17.474,16.091,15.192,14.705,13.405,12.723,12.492,0.024,19.254116,40.033178,-0.74,-0.8,0.00033,0.00054,0.08,-0.018,0.082,-0.588,-0.517,0.78
118,119,4936180,K00820.01,,CANDIDATE,Done,2018-08-16,CANDIDATE,0.0,0,0,0,0,q1_q17_dr25_sup_koi,DEEP_V_SHAPED,4.64090031,173.64638,2455006.646,0.0,,1.28,35.512,,2450.6,0.333559,0.00218,LS+MCMC,30.09,0.0503,19.01,1155.0,421.08,1.354,Claret (2011 A&A 529 75) ATLAS LS,0.0,0.0,0.3,0.2852,q1_q17_dr25_koi,14.098484,135.01852,296.9,1,227.0,1.0,q1_q17_dr25_tce,11111011101110111000000000000000,0.9095,Mandel and Agol (2002 ApJ 580 171),,,004/004936/004936180/dv/kplr004936180-20160209194854_dvr.pdf,004/004936/004936180/dv/kplr004936180-001-20160209194854_dvs.pdf,6463.0,4.5,-1.66,0.826,0.786,,q1_q17_dr25_stellar,295.11371,40.071171,15.27,15.662,15.249,15.102,15.046,14.224,13.954,13.785,0.029,19.674246,40.071187,-0.05,0.06,-9e-05,0.00051,0.007,-0.098,0.098,-0.073,-0.103,0.126
120,121,10875245,K00117.01,Kepler-107 e,CONFIRMED,Done,2018-08-16,CANDIDATE,0.992,0,0,0,0,q1_q17_dr25_sup_koi,NO_COMMENT,14.74914825,138.77799,2454971.778,0.0,,0.173,6.0995,,430.2,0.018864,0.55575,LS+MCMC,2.89,0.1221,89.47,874.0,137.91,18.56,Claret (2011 A&A 529 75) ATLAS LS,0.0,0.0,0.257,0.4213,q1_q17_dr25_koi,11.163704,66.187065,107.4,4,72.0,1.0,q1_q17_dr25_tce,11111101110111011000000000000000,0.7875,Mandel and Agol (2002 ApJ 580 171),,,010/010875/010875245/dv/kplr010875245-20160209194854_dvr.pdf,010/010875/010875245/dv/kplr010875245-001-20160209194854_dvs.pdf,5847.0,4.191,0.26,1.402,1.113,,q1_q17_dr25_stellar,297.02826,48.208611,12.487,12.904,12.427,12.309,12.274,11.392,11.114,11.06,0.0,19.8018775,48.208594,-0.21,-0.06,2.1e-05,0.000114,0.34,0.24,0.42,0.19,0.38,0.43
121,122,5021899,K00821.01,Kepler-692 b,CONFIRMED,Done,2018-08-16,CANDIDATE,1.0,0,0,0,0,q1_q17_dr25_sup_koi,NO_COMMENT,21.81295996,174.01085,2455007.011,0.0,,0.053,4.3791,,1175.4,0.030952,2.39175,LS+MCMC,3.38,0.1495,89.92,639.0,39.33,39.183,Claret (2011 A&A 529 75) ATLAS LS,0.0,0.0,0.2291,0.4603,q1_q17_dr25_koi,6.4162097,31.21894,37.8,1,45.0,1.0,q1_q17_dr25_tce,01101011101110111000000000000000,0.1204,Mandel and Agol (2002 ApJ 580 171),,,005/005021/005021899/dv/kplr005021899-20160209194854_dvr.pdf,005/005021/005021899/dv/kplr005021899-001-20160209194854_dvs.pdf,5601.0,4.41,0.08,0.999,0.934,,q1_q17_dr25_stellar,294.77686,40.15374,15.54,16.187,15.492,15.262,15.147,14.204,13.776,13.702,0.448,19.651786,40.15366,-0.16,-0.27,0.00016,0.00033,0.1,0.07,0.13,0.02,0.0,0.02
123,124,5115978,K00823.01,,CANDIDATE,Done,2018-08-16,CANDIDATE,,0,0,0,0,q1_q17_dr25_sup_koi,,1.028436523,170.228582,2455003.229,0.0,,1.5734,1.8606,,8098.0,0.673134,0.43236,MCMC,72.77,0.0197,57.3,1947.0,3400.48,2.891,Claret (2011 A&A 529 75) ATLAS LS,0.0,0.0,0.303,0.3107,q1_q16_koi,,,89.6,1,,,,,,Mandel and Agol (2002 ApJ 580 171),,,,,6228.0,4.428,-0.44,0.99,0.959,,stellar_q1_q16,296.00699,40.295429,15.202,15.662,15.167,15.005,14.892,14.019,13.702,13.598,,,,,,,,,,,,,
124,125,5164255,K00824.01,Kepler-693 b,CONFIRMED,Done,2018-08-16,CANDIDATE,1.0,0,0,0,0,q1_q17_dr25_sup_koi,NO_COMMENT,15.37562369,173.61402,2455006.614,0.0,,0.692,3.3169,,15337.0,0.12103,2.43887,LS+MCMC,11.01,0.1121,88.73,600.0,30.54,31.24,Claret (2011 A&A 529 75) ATLAS LS,0.0,0.0,0.1451,0.582,q1_q17_dr25_koi,33.115784,170.02856,166.0,1,50.0,1.0,q1_q17_dr25_tce,01000011011101110000000000000000,0.4872,Mandel and Agol (2002 ApJ 580 171),,,005/005164/005164255/dv/kplr005164255-20160209194854_dvr.pdf,005/005164/005164255/dv/kplr005164255-001-20160209194854_dvs.pdf,4986.0,4.496,0.16,0.833,0.793,,q1_q17_dr25_stellar,283.25354,40.358189,16.422,17.227,16.367,16.077,15.879,14.877,14.359,14.178,0.006,18.8835605,40.358188,-0.39,-0.008,-0.0008,-0.002,0.008,-0.034,0.035,-0.063,0.093,0.112
125,126,5252423,K00825.01,Kepler-237 c,CONFIRMED,Done,2018-08-16,CANDIDATE,1.0,0,0,0,0,q1_q17_dr25_sup_koi,NO_COMMENT,8.10363271,176.9486,2455009.949,0.0,,0.047,3.161,,887.9,0.026361,2.33533,LS+MCMC,2.11,0.0712,89.87,687.0,52.82,20.09,Claret (2011 A&A 529 75) ATLAS LS,0.0,0.0,0.1142,0.6188,q1_q17_dr25_koi,7.0046763,33.637074,39.3,2,131.0,1.0,q1_q17_dr25_tce,11110111011101110000000000000000,0.5907,Mandel and Agol (2002 ApJ 580 171),,,005/005252/005252423/dv/kplr005252423-20160209194854_dvr.pdf,005/005252/005252423/dv/kplr005252423-001-20160209194854_dvs.pdf,4861.0,4.574,-0.08,0.732,0.733,,q1_q17_dr25_stellar,283.22141,40.421829,15.289,16.117,15.221,14.933,14.748,13.749,13.223,13.172,0.0,18.8814102,40.42162,-0.65,-0.75,0.00038,-0.00137,-0.02,0.2,0.2,-0.11,-0.24,0.26
126,127,5252423,K00825.02,Kepler-237 b,CONFIRMED,Done,2018-08-16,CANDIDATE,1.0,0,0,0,0,q1_q17_dr25_sup_koi,NO_COMMENT,4.71510843,134.96178,2454967.962,0.0,,0.258,2.506,,417.5,0.018268,2.42359,LS+MCMC,1.46,0.0496,88.96,823.0,108.84,14.18,Claret (2011 A&A 529 75) ATLAS LS,0.0,0.0,0.1142,0.6188,q1_q17_dr25_koi,3.765065,16.489346,21.3,2,208.0,2.0,q1_q17_dr25_tce,11110111011101110000000000000000,0.7292,Mandel and Agol (2002 ApJ 580 171),,,005/005252/005252423/dv/kplr005252423-20160209194854_dvr.pdf,005/005252/005252423/dv/kplr005252423-002-20160209194854_dvs.pdf,4861.0,4.574,-0.08,0.732,0.733,,q1_q17_dr25_stellar,283.22141,40.421829,15.289,16.117,15.221,14.933,14.748,13.749,13.223,13.172,0.02,18.881437,40.42145,0.44,-1.37,-0.00026,-0.00036,0.16,-0.13,0.21,0.11,-0.59,0.6
127,128,5272878,K00826.01,Kepler-694 b,CONFIRMED,Done,2018-08-16,CANDIDATE,1.0,0,0,0,0,q1_q17_dr25_sup_koi,NO_COMMENT,6.365839713,171.13575,2455004.136,0.0,,0.524,2.9721,,780.7,0.026275,1.41102,LS+MCMC,2.44,0.0659,87.92,914.0,165.33,14.46,Claret (2011 A&A 529 75) ATLAS LS,0.0,0.0,0.2711,0.3858,q1_q17_dr25_koi,7.331596,58.17086,70.8,1,216.0,1.0,q1_q17_dr25_tce,11111111111111111000000000000000,0.1852,Mandel and Agol (2002 ApJ 580 171),,,005/005272/005272878/dv/kplr005272878-20160209194854_dvr.pdf,005/005272/005272878/dv/kplr005272878-001-20160209194854_dvs.pdf,5776.0,4.554,-0.18,0.849,0.939,,q1_q17_dr25_stellar,291.14951,40.420521,15.09,15.594,15.032,14.874,14.799,13.882,13.522,13.493,0.871,19.4099691,40.420475,0.07,-0.16,-1e-05,-4e-05,-0.025,0.042,0.049,-0.019,-0.131,0.133
130,131,5651104,K00840.01,Kepler-695 b,CONFIRMED,Done,2018-08-16,CANDIDATE,1.0,0,0,0,0,q1_q17_dr25_sup_koi,CENT_KIC_POS,3.04033046,169.9490106,2455002.949,0.0,,0.736,1.8411,,10859.0,0.104023,2.31195,LS+MCMC,8.99,0.0374,85.95,1021.0,257.29,10.41,Claret (2011 A&A 529 75) ATLAS LS,0.0,0.0,0.1611,0.5575,q1_q17_dr25_koi,50.342957,653.36066,568.2,1,440.0,1.0,q1_q17_dr25_tce,11111111111111111000000000000000,0.2726,Mandel and Agol (2002 ApJ 580 171),,,005/005651/005651104/dv/kplr005651104-20160209194854_dvr.pdf,005/005651/005651104/dv/kplr005651104-001-20160209194854_dvs.pdf,5035.0,4.519,-0.06,0.791,0.754,,q1_q17_dr25_stellar,299.3161,40.82238,15.028,15.823,14.978,14.687,14.505,13.514,13.016,12.922,0.0,19.95441782,40.8222841,0.483,-0.345,-0.00348,0.00219,0.243,-0.509,0.564,-0.01,0.115,0.116
131,132,5792202,K00841.01,Kepler-27 b,CONFIRMED,Done,2018-08-16,CANDIDATE,1.0,0,0,0,0,q1_q17_dr25_sup_koi,CENT_KIC_POS,15.33528675,174.00278,2455007.003,0.0,,0.773,3.897,,3081.4,0.056,0.81659,LS+MCMC,5.0,0.1179,87.95,610.0,32.67,21.65,Claret (2011 A&A 529 75) ATLAS LS,0.0,0.0,0.186,0.5256,q1_q17_dr25_koi,13.146613,84.09906,86.6,5,85.0,2.0,q1_q17_dr25_tce,11111111111111111000000000000000,0.0447,Mandel and Agol (2002 ApJ 580 171),,,005/005792/005792202/dv/kplr005792202-20160209194854_dvr.pdf,005/005792/005792202/dv/kplr005792202-002-20160209194854_dvs.pdf,5251.0,4.581,0.21,0.817,0.926,,q1_q17_dr25_stellar,292.23676,41.08588,15.855,16.516,15.753,15.571,15.491,14.484,14.026,14.118,0.0,19.4824445,41.085836,-0.25,-0.16,0.00162,0.00184,-0.35,-0.35,0.49,-0.076,0.031,0.083
